SAMPLE	C0	C1	C2
X00936b9285d6b8665ae9122993fb8e91	2499.78729863347	4098.82983434479	3313.82388650414
X105622fadc33f23755ac2df823110aca	2652.83061011855	4852.02419579703	2279.46599170091
Xe44f39747a8e84b02b4cb24659312144	1637.57778794307	4560.88967618096	3609.22714603826
X293dd1284496215e9a0eca9f17a98e7e	2017.51067256348	4405.22776334923	3422.69072489661
X01ed7190ce00862696edbf047b542045	2219.12634779346	4882.84375330225	2665.07528990278
Xf4a6a5a1450a8448882e1c0aebc0eea5	5349.32916921631	2825.65636985763	2039.03468009482
Xf7ee4a331a8fd70edc240dff978c170d	1481.64657700623	5365.3377923434	2815.13645980509
Xcddbd4d01bc7513298a5135e97cfdb6b	4815.49036733734	1298.22327385176	4354.01473170418
Xa57451efa2822becb256706fe939d078	3167.51467700843	4134.29393129776	2622.66489675897
Xff8fbe2fe76c82d429d4fa1d315f3b93	1722.05393202835	4262.06542252808	3878.3770276879
Xf9ad54895d67b651806deab25643ea6e	4799.13345969868	3189.01581487845	2146.99568077958
X83864118183d6d44a78a1dcfd50420de	1984.41383402241	4292.79675583829	3587.06298231654
X270eb069e858ab11185487082313a8ba	2914.0784909449	5037.58044673745	1807.21213696309
X47156c2ebd5ab6bc3498b6dfb70e9de1	7537.13951726129	803.328821479214	2288.6291523644
X33fe25b1ae7fa2d13b0cebf465cda997	1079.61027732814	5934.98200135213	2536.46947105537
X97b6866aa994b9796e91aef65c9aa00a	5747.85854814352	2829.25432131842	1647.17496667848
X5698d14afa59bd77bef894d49d33c6d2	2565.57424885127	4701.55109383551	2541.24108638485
X3bb0665c45e2decbd5439bf13b7cd0ad	3538.94507652789	3200.73385738907	3358.94194433156
X2d6a79464a71daaa1047f0a261d5eb07	5957.97097512066	1831.1078458958	2616.28962934743
X97d1afa809fb0c655921c0ca2b2f9d64	4274.18450547689	3826.22042244859	1908.4516923187
X5f3b11e482ba5ccba88a68c876d2bd7f	5286.13066031754	3022.53442700215	1869.04313419108
X832e10f63e678f47e1ca9df1eed387d4	3447.94449306549	2687.99448983164	4050.26070946338
X441f1fa08e92bc869755da2f1d547f92	3774.27209555794	3772.26718472763	2458.12232913098
X193d13fc662c7a4c86416d856d767d0e	1244.15069128406	4718.01862357018	3807.16398406117
X2d0a4d6a0245eddc55832f3567edc1b0	3856.50383400783	2837.02086209521	3477.67101534235
Xfa384aff1a21a428ddc61730d791ac07	905.023339482226	5058.90215744053	3736.25329215171
Xce653fac9fcd291555d86026cbbe73af	4421.76807807935	3059.13314077679	2666.73808434697
Xaa1b3ba6002fdc8b8b13bc722b2fe074	1355.96594501397	3854.80938956788	4713.24715081465
X4a34559af77fd876c74d98c1fd581aa2	776.7140942984	4428.34878361339	4602.36952080641
X4c20c40030741ca8a07e483e26a19e67	3759.26783569717	2537.46305168252	3924.42569219098
X99252e20f6fafaefaf3fadf51acc1ed2	3909.70993875526	4546.30376822312	1416.38503888462
X07e01fdcb86fd0ab6446d7f20038d4a1	3792.09215818657	3000.32389894046	3348.33225519016
X8bbd8072d4cd190553dfaa7aaa7b19d6	2853.25388990564	4806.13059727409	2138.47946952046
X0bc0ebe2508cfcb3e0c4853061e2c638	1450.67146772294	5945.34287796581	2163.3758027108
X6f5f07201e23cbc8659f078d29b36cac	5866.53830969117	1774.78558372401	2771.43745916962
X6a295c4f7db25ea5ad800d1d9df4cdfb	4638.92014088382	3262.66125609875	2216.24524641428
X5db3fb52bae7f0ca108b11eac258a5ea	2610.87921403083	3991.6590426372	3331.76667565592
X0d698cf8dde695f7a8cdfad41fad55f1	1574.04512924763	5971.71032166708	2012.37722437985
X64875728bb1ba831bf8b886cbb20235b	5969.11371563377	1525.58256464804	2964.64540106203
X419386e8a743aeb75391e63f78626066	1634.23646949107	5171.92431665903	2894.1082747943
Xd14fb91b737e78e07ee6622e56539dcd	6466.12991653317	2880.40457429452	888.412764891795
X111cb9fffc9fc55d838d097af1e3b727	2993.11679935184	3891.27705879765	3077.99820145669
Xbebf2ac740744d14a9c3196582773a65	1235.01933149521	4784.07339474799	3738.38767164339
X55bb7aa07ad1c420285fa296f511e9fa	3658.41892925529	3442.03790154325	2959.04421593373
X7354734a2b7779fc172b8fa7062a7f3e	880.678490677601	5522.15067779459	3215.30969897944
X31dc99ac3198e9b0437786a6f2edc50d	3972.32706928435	2028.31969466898	4315.77287983881
X52f703a2b6e5dab5d2ebebc819a4573e	819.609625912564	5378.56799384741	3443.51272874958
Xe3a92c49455bf11904afa9c1d9661350	887.141165862465	4223.55921999113	4735.72542725962
Xfab3b2d8b666d807064f44cf2671b1af	1224.49777345591	4144.74801191592	4500.25056064306
X1cb9577d90b2a15e59959f7f911e6689	232.017517922028	6215.89136253091	3030.62706293798
X7705345d3d9843faab494c3b8319a90a	1756.85841446122	3553.43218522193	4677.63597859055
X051ff3f6fc50a9899007b53b374ff36b	4344.49605634143	849.776808523673	5339.34796101429
Xf00ad8a7026f9f410e9a4391d1787f46	3920.84454420369	2720.45252377379	3552.13469830325
X046d63897cffd07093069e1986db4014	2297.81730079854	3959.86127436452	3673.64981550396
X52d32af145d65a9fd0a8f433dce1baa0	5155.32972664763	1773.52513874645	3464.67660318328
X872dded2f52f2be7d52eb034e273aba4	3182.65592624682	3214.90886705677	3688.8217295759
X5baf5f197178a266431ca78d774ff73b	2896.76631114182	4095.41340978024	2931.7186568115
X16772d239c75dacdd83f312235b63536	6991.82208535399	542.216909333748	3126.01110679612
Xc59f11474e4e288c94b16010682b8f96	1457.16731004548	6476.11051615959	1533.05549374274
X8bbe55f701b2cb1741c3c8d3fc3e5f6f	1603.33303564945	6169.0716386279	1751.86058355483
Xa755249e1936fab43234f6197f086d49	1661.40797834425	5758.64742315282	2177.89318175924
Xd9e044356ada439e9bb8b532db358d22	6593.03089269777	423.118084343765	3653.91519646411
X142598966b9c6f373bd9f077689c67d8	5284.57130281881	2705.9873705916	2242.71146315346
X680a33183fd78f2b9a08c97342f7a9b0	2822.53433670219	3368.65380433883	3858.34239819354
X185c844f7285ea8ae7eff4047bf8e2e8	1428.50943837904	4197.48105745316	4239.82242296833
X09a4c5313418bc448fa16ba847012a9d	3027.99497665367	2021.58771117805	5242.19235847794
X5f6d56c13a1a7968d5c20cf44c9ed3d9	5147.61194736665	3147.08559648787	1857.34361992693
Xeea47674d745fb638f7ed5d517b8e220	2519.52657164259	4358.29882533301	2989.57723766138
Xf8574b7124f7a3b9e886350b171a85ba	2401.5325373922	2869.94408879914	4854.14287061512
X5de3a983edc9aa39a8a090196504d7f1	1819.07183031934	4341.89217884344	3690.16343239285
X40e911a28e5b04b44b080cc04a5fd654	762.585852490124	4796.41682961999	4183.38858958624
Xe1b0f87c25889df31bc0fe76a68853b6	3778.74493179798	8.90804977116102	6878.20151801032
X4c8bc6afa4b41d21c24cbd1f6acbf449	4233.78165379796	1457.29234404995	4732.80282936126
Xcb607df67dd6bb88c5aae2ff65c485ee	3145.43932116739	1619.24604075398	5600.97696364748
X09dfa3b617b555a9df17e99b40f9db89	5077.36086703572	3055.07160694324	2033.85049893419
X272fccee2682565378fb775496b50155	6479.4168827449	259.556081386963	3956.71516132538
X9b233d12051942da673360eae83092bb	4903.66111265496	2608.31654997528	2728.03154785155
X204ddf78ad407b33588fa54b11ec93fe	1169.81483821827	6420.2937117767	1878.17054889584
X4c53ca0da8a337cc85f13c6beee2f35c	3908.67897700471	2567.36418635734	3743.94733148982
Xa52b10d9515b8daf85f93fc3df9c321a	2933.24153774215	4905.12016296166	1944.30141075271
X1282a363cb519143621bb786e756e788	2230.75615329143	3394.9528046818	4403.01699073102
X0266eeade6ca63ad927d85117f882655	2550.23169181989	4704.26244162959	2552.97640776847
X2b5f3fd2a90978b344fec39d51c54017	4675.0183066952	1391.83690578355	4380.58715809899
Xfa9dc94d5b73817daa418a97c1645c1a	1009.95259836383	5607.96411821225	2988.68378649064
Xbb15b2459d7bf3d5515151f9de1e9756	2419.40396370358	4181.56917033923	3294.73546332056
Xbd1ed66c2fd724c85f233574a890149d	6143.03416314294	1874.85644886428	2384.85438180343
X8224b875993f51494672ed5edf92ea3c	1040.1360245101	3505.3340818078	5431.30327667271
Xc4b7b0ee94a4981e06e6d598a29bff57	1624.91053816119	3513.2991350657	4853.1579389131
X554f7b5a74e90e51d22efb03b2581225	1524.8996443147	5418.8184230775	2710.19132538062
X40f0e24dd55565b8fabafb2e09eb6526	2308.08115065211	3831.28745328064	3814.82573888469
X578b112acdb7a280ee7a333abf958899	1063.62303455107	4086.6314839111	4725.05069479059
Xa05d7892b8a58c890541ef76171d8139	2680.90528387994	2782.06467499346	4685.72715189434
Xd8a98f3c034a61b3e4cd919898417385	945.262626617226	5704.79571037174	2937.76351009826
Xc188b96b05bf78247e14a26fb7231ec3	1001.73059347137	4707.50024054617	4055.32002037469
X956b58c9f3bc9154ebccad2ff4dad365	3652.64478246168	3490.93779591811	2907.17080648344
X5f162dc7790e03b002ba75d5db05e0a9	2234.77201407784	4331.4554238541	3298.10256820856
Xee16677b2ffe9e0e7d96098fa2c24767	1338.03797681098	4817.29031090817	3599.13475852957
Xa90a3aa39f672f2756323d3c2217e355	6021.0839431728	1887.71568154437	2488.35122635603
X5e3f9f5f902b6fa7420fac1e04a2559c	6773.05419662327	21.9603675368435	3950.44042720457
Xd39e67062f2c834c707b85a43e564cd4	1213.60966630483	4463.42849265712	4136.18108172468
X54dd7db38d84c7317ac97ea0525ea9f8	1362.13924634444	2342.08725306632	6485.68914947383
Xf1ffe6ffb2047ae25a3a9938406edb89	4026.72477700909	2182.70763935501	4081.35524375036
X490b3aaf0b34d71712e894ca670bff00	706.924719730986	4813.15717248231	4217.84646424779
X0ab7ff33e9730deabcef80d2cc91f9ed	1511.50433532357	4067.98778605062	4311.33742736135
Xc24c2d5c9e3fbe370b73035d1fe213ed	1712.39361942376	5228.73002266611	2751.30451456103
Xdf88f47459cd3df812fb7460a83728da	5574.9013130296	2410.40154354724	2307.83021859704
X502dfff1180e1952d964196c8493633b	5681.11995176724	1258.20685400539	3559.10549071687
X607e127bc3f0f2741a16db6f4d381a3b	3485.80842030015	3404.35566642972	3171.23537635748
X84e83abd42afb7a8f9e890db309e939a	4482.42037646892	4424.0397367053	1003.07891655664
Xcac44b421f2becc20ee74493b10ee0b7	3136.8017163023	5015.19659976603	1616.89609692882
X46c3c80adf66dc80a778498311a1fac6	1419.27265568329	5194.70613134449	3076.40924572778
Xccb12de1235ae5fbeced36bc8d13e7e7	1513.97277779549	3033.20103469632	5525.49358389589
Xc0183c37a6bb780e64db1e0c9e3fa76f	4109.61221233915	3492.71254549828	2460.61476632358
X5249c43c8376ddd9ea109e43669e06e0	2803.95029697129	5422.8160382598	1461.42240297704
X65ab81a70a3884a528b4e080a7dda7a8	2296.63553041262	3505.79206877018	4208.6301337191
X0099d88de74c5734bc0323e6c531ce9b	2869.26857309546	4490.75659221979	2493.67529213651
X4188bd9ad1e2c2f2d6a429c29ec28532	1922.66580388043	5335.18323746888	2421.63044184914
X1096a9d28ca7950724a896867e729133	4173.25584946398	4966.5564950276	665.97281469149
X298d47047ef997bfd4c253dca2cc0588	3752.51752219348	4781.42642610798	1292.85406574107
X2202ed712481940f934cfb5812b743f3	4987.71750220896	2479.18221936175	2798.09209884538
X1bdeccb61df1623412271e05874b0094	2038.66881394659	6307.07427840368	1166.1869358984
Xfb9f7ca2d7daad69473b1192db1d7c30	2611.59247691173	4195.20334225142	3091.77408878235
X0d5f6c7702aa2126719f1449869cb871	5573.49985041951	4068.55542735501	359.768643951965
X7633ae66d8c814f618ccf6a136fcb5d5	2636.86866100577	4355.81030500259	2878.37006440353
Xe8e5271bc8c846a413d8a8738f7305c5	1424.97411848416	5160.72319522046	3110.8160845367
Xedf05e441e14f691663cd2d1807276b4	4782.36504473318	1813.51616129127	3780.42500428576
X54d26518c4a4300bbefa41c5a25040ec	2472.79650055456	3398.96863824444	4162.87510431797
Xf248a96e9f28c80844e8c27fc86d3e4d	3559.69975348794	4637.08018343602	1650.10040056808
X942564e2e36dccdd3abc6e3da165c8c6	2257.79597516063	5129.12939497593	2337.91515751846
Xb062ce653c73b5ff8a3ed1b0f3534651	4673.82285433084	2840.6194852182	2678.47461368558
X62b6c7739d9d7e6d52985b4c46c4d00a	6505.56074243066	407.329726313588	3757.55480662581
Xd25d93b78bd1e0867aad1aab4ff01342	2942.26413671017	6064.1293592791	572.925165398045
X8e1ad2854c3bea90f66eef338b4f813f	3427.53097562889	3205.25278009396	3461.99619517249
X287b3d4433b74e09d38721f8c403f553	1858.57015958335	3968.79090891656	4090.38549728161
X2120e95574229d89ab8e6890708ae502	5410.25466465348	891.345378206518	4253.86696659243
Xd96588b7afb60fd88370d1f48bc427aa	3240.99575027282	4262.60215690985	2400.34669302853
X5a425ff0c21242dd543426597208a950	2136.99376187193	4772.6087312782	2874.56045337907
Xc69e258f8fe7aab43915d72d4842bfd5	3854.86259678324	2217.76033191078	4207.30701827098
Xd77c1f9d62e12082abb31e74d3c8d6df	1474.6007828965	4938.52550805865	3323.77555875298
X01b45623e3bb135c0446448c619c9e45	6639.83484510301	0.0327527101285014	4105.7956916177
X64a237d7f7f6096638bfab20b7a0975b	1402.43067213099	4855.70596022922	3491.33944877263
Xd15a6cf4a5cb803bad1e1018c3860868	7080.71878346356	1301.35009672492	2147.06340070606
X2d32545eaa2458ef0fb3f49222cf988a	2732.24530137051	3165.28462558751	4185.25501051514
Xa7b387551de3ed990e8439c16b16e051	5512.34659096606	2610.47387744799	2133.45711071889
X69e3512f7d6ff609c8b727e541e22187	4050.68975402437	2806.80570166486	3324.31875551413
X3e72c667849f46d12575de2c8fe1b73f	1810.5946636682	4723.33393097186	3249.96305343537
Xfa8012d58e6e95476342cc3e0d7eefa3	2638.79060995199	1425.34886144436	6321.72611963492
Xaf2bc83e78148af5d2a4ac4796d4f654	458.045486394209	4380.34122292399	4968.76321407653
X2111fa69962467ac3774495b34549ca8	3562.46702019633	1487.7756764043	5349.9192288609
X5c8076eeca70f8a7c44e2a1693e31936	4370.96482423808	2047.59793774781	3905.37306740463
X6a727ed3fd694e28e7e3c8df3dea219b	1263.83185908932	5456.74899934737	2919.52555246238
X499855b171ee5626422214dedd2abe64	1579.48978135206	5228.88582555839	2880.39031031646
X82e18c17d30609fcaef903843d59d791	2778.85143768747	6217.54419215987	551.50494980926
X6304847204cc728b80efa8eb1290a69a	1620.96548237628	5350.46678231929	2697.11112257696
X556c48640c368af6f43a861cf738e3c9	622.814024711372	5226.93088194973	3813.19968498659
X75cfd69ff98e0fa2a5db8989e77a57a9	5866.87269413662	1282.13080796109	3350.30658891643
Xdae1b2a0bb4d7a946c6090f4b63ff3cf	4843.35460803714	4531.55488227285	525.61487914778
Xbe6871919074c89a4a134d2772f8b338	4175.57359598375	1590.17215509906	4633.19747857412
X983637d5ccdddf029d4f1858eaef9527	972.609443418699	3955.11470563315	4968.19407455219
X3d0e882f5ba9d8cd36fb62661a9f2a3e	3254.99421656217	4942.34900272781	1587.58010264618
X45b90f085077bf19a0687200420aad0a	5823.56733330991	2620.98628235766	1818.38913044844
Xd5eae02dd41ea80edd57dd47b9c6fe61	2859.14354428149	3803.69184224401	3311.2777471868
X171f97d4eec5de4815cf607897a88f0c	1680.6259263052	4457.87134466503	3688.47085979841
X1dba533b49b13d3dce87dcb185810486	2466.81286383392	4653.2509118724	2694.08596154647
Xffe3f3ffcd97736a82990cc6f81078d3	634.054589299851	5813.43408348866	3112.73836413929
Xabf7e93504cc2e54f324e7fd1e7c5ae3	2579.28589687663	4407.95333621019	2873.07550034677
Xa0b271c0bf7021d54e2423c6cafdf7de	2488.41224053247	2841.49824168634	4803.08193168792
Xe72293cda67b6d1dd148f3b67eaa122c	3897.22952841244	1617.04483249015	4872.3358141744
X8052f165e6716be68da7dbcea1b38df3	3728.17150853504	3423.33121835699	2913.19203772319
Xf8b4c97e1b0ad388dbcc1389a8c917d1	2353.29181461015	3841.63956446078	3758.68100998462
Xef9793fca0e9a13cc375c53500e2d988	8318.82625046036	0.0133213022517395	2472.74692894915
X1fe6a3a7f298df27824af9fb32a1f415	610.532183822514	5282.73387973386	3759.54028606382
X00892b2a96088ee5a09b881368c01fda	1989.02654460628	4597.99428168433	3223.76799412216
Xc75f6b721a01befb3490288c36184505	6490.2278535717	3246.14472867825	434.987935150743
X4fa8e3d17fe0614389e39cf8cfcadbc7	569.826440963175	5280.40793073593	3801.86726632931
X0ad83b437ca02c81ce96b41431f58eec	5786.30323276581	1177.11159075558	3552.13936716381
Xc64192030a61c841728f4019d85f9c8d	3102.98949240364	881.07051776056	6510.10902363352
Xa9b94b18beed8e4ee8bf626c2f41e756	677.479359043429	4138.09603814348	5040.12867996215
Xc9ec93cdf458fbc79be404feb57bb494	441.964730357863	4217.68696176322	5175.63022822263
Xce364e38e480eafe53540bf89440fe06	2873.08871101276	3438.36842651687	3727.20999522009
X2db4e193504ffaff309e95893fb2466e	2192.90295467773	2407.55577805143	5600.67781644141
Xc5bda5244ebc014a1e9b8ec3b82ff609	4485.54514916035	4107.12223661467	1372.62674027638
X8a140e4066fb9259506e894e021e10b9	2956.50143294427	3670.29713327663	3373.40934534816
X5450a2f44a83967cee81bf8e9599ae30	5090.45217934214	2579.92170476847	2579.73182357069
X32be66e8f559cffac728b3bc63ddeab7	1346.55505853882	4923.96514616955	3465.43731038162
X38fdaad447be4708ecd1a3b2ac1b7885	7350.12381154418	704.461682844125	2586.76415840629
X571642d8d7710a3dee6da58737ae279d	4026.44873802187	2905.21098739142	3232.20565933705
X3f1980268b36d427000556736ffe5ca0	1814.89274667066	4304.98547025699	3737.61794981065
X3f3a813569b26faf2170ec083721b75b	816.492607470291	5309.0342650829	3528.29250100876
Xf820ea17f0159aa56af9c0d10f5c329b	1836.91399830275	5526.33795966696	2280.30406252893
X3080ff5d464ab4f495f18195a79efec3	3203.87598368133	3711.7917526579	3084.01684564414
Xe3eac6c3ae811b0f2d329190bcc32bfb	4022.4107466403	2124.53715743489	4153.93997865389
X8c0e6d6daa5b513664fa5cb50f241ae5	4806.47723765001	1129.62947825629	4560.9902877929
X37c71ecb5064264c046feb617faba578	2477.26497926169	4191.89841359048	3226.31325019067
X2670ad3a317ed910833dfdd6c8cd31a2	3797.91652368712	2803.08800249941	3574.5494799954
X41adc178a0c91e8182417308a2ead0af	4986.17508307801	1832.74570142894	3559.58170008915
Xbfc724a75b2df0ca789d38c68601577b	8215.75395567967	4.07689716345425	2568.22285194023
X94aa5f458f7a31eb62a73261193902c3	3464.63711168732	4076.33666535807	2401.80667372956
X869639c8cf3ec578813dc01d0be68693	1644.61302686421	6106.69700430654	1785.0409291875
X576a2127247e20df85ed680ced8925f3	4449.79551540349	4527.83031041621	912.789104271647
Xdb0d336db224827a56359f1b1ea13654	2034.81043741542	4776.01001187411	2969.95035291464
X3e5badf09c1f168d8e19efc1ebb54260	2290.86550993481	4644.30952983571	2875.7332425487
X14bb75459fb5c1a32548e228da504349	1652.63028506798	4399.41338147283	3784.42750236315
X7d4bc3496949fda54a71b36fdb6ce5fb	3634.15883784849	4237.36603473283	2047.60556340696
Xb847a6787ab5c7701c641462787e3ac0	1226.75517894573	4967.72900569221	3530.50930106428
X3cad782b3b82b0a0decac662d2c23ffc	6283.61602004732	1741.57305401953	2404.81330384258
X8cc1da58e4181fe5bc06b8bf8d61319a	2913.77051483273	3911.73807970126	3131.11919642839
X4e87ea75ef4ec88b310fadbe64482350	3037.77119440132	4010.21520282706	2894.73430424475
X53eba04ff3a0b1e2e6bda5cc55bab6b4	3086.19764122582	3709.17876254683	3201.54871586232
X48e13f7e3294458f4ec622516f632d11	409.141738877945	5597.63292519278	3585.20865709602
X4c5d2d4d935901608238afa354af9e31	4238.77810527226	4632.71364735602	994.728152692015
Xeb02b03986fb165db0918e780f07686a	2497.4572383726	5027.75127598517	2223.99471136959
Xc38497606b7996fc037b818f4e18d2e5	1647.49585208885	4532.21283369692	3633.29454551006
Xed91741e1dcf7f5d6daa5266d106db68	2530.85083509257	4057.6660836186	3332.00448943468
X4e0cabea7a8fc8b2f393af82854d435e	3153.05970640141	3276.71720758711	3644.9429282194
X2653cf815108af994cd80e56b46c6b66	2159.60966997786	5150.27359104093	2408.55772400225
Xe0b1d98af1a2051f94a80e6d25ac90f3	4132.20855836087	2750.18814241992	3311.59244358503
X31fa1e19b01dc9f394e3137d9233ac7f	1148.18489052751	7236.77384446052	939.306132607555
X0f3ebb55cb792f27d6b89dfadc958636	5079.20189422124	3784.30737799281	1174.72671086878
Xcc33070c83d7aee7287a6b209863d68b	4105.06244815262	2254.85245858157	3920.342322155
Xe3f5aefef52a59a32a563f27080f7718	959.351102991137	5735.79872909281	2887.61134849718
Xb77bf2b3a4da17962117b81d2daf46a2	2078.8011066425	4882.81782960364	2801.59316472081
Xc89fc7348dd8c1385404fc2e54eb5dc8	3561.81056549874	4465.69257328644	1849.54082587414
X76ebb83ce08b46b79c0ac9188be50566	7010.02020523212	1907.61146518091	1503.07133652082
X72d1be50f12b9e7518b7dee51a59d13d	28.0069036579788	5108.71498696322	4530.72071421072
X6348fa126256a61bee9a1ba9f1dfc580	2911.04133129481	4965.92914572854	1894.40377890129
X5e1d0f6c1f49464de96f31fe97563788	4588.02936764356	2657.91466147197	2976.72037943343
X0ccea5ff3169707a9e21cdac6235c894	3462.15560723387	2678.77840392621	4047.27324489272
X6850853871fe7de4824940eb9c36bbd8	6600.21841507531	1651.06655735785	2203.27470924701
X72fb0792922d23f91b76941c00fae64a	4605.09697422562	2520.79434492459	3121.32639667718
X5407d51e6a1cd375921bc54e8e0007b7	484.792305298668	6392.35971332518	2577.29884367281
X461c081c2c3c0af3a9064fe5bc520214	5253.66391841763	1847.7715976838	3281.74324532779
X20d133389892a705133675d732b26222	2422.67095632075	6054.20773384792	1089.97211847507
Xa5a89e3b494c89531b85775c39b079bc	5542.41127508601	27.4013720401278	5141.02894730088
Xee20a06333f572a12339eb1f7194201d	1713.99660403019	4595.87974578144	3493.76194154564
Xd0a1c785570866e67fda7b0c34acfd22	1653.47615140028	4864.5993406323	3236.70438211961
Xe33838348374cf6c65cb5a6baa2b4c4b	1356.9247371535	4315.23873925656	4171.00634733586
X2aa31f4365d2e06f42bc23886ce71799	767.640290179423	5609.26710291239	3222.83707547788
X805f226a799d96e3e9e9511d5bd6202e	2566.28491740306	4170.27420328931	3165.15068737387
Xc646bb117ef7c10a0088395cac42ce55	2013.24882286153	5659.6657246391	1952.04384963784
X1faafa1d86ddce2725e2603243a8c37e	1715.52768233255	6062.79986889135	1767.67385681004
Xd8f6729e866977119d019d4300085941	3212.3647523889	4217.37864642895	2481.36210268369
Xd526d42acae6d1b12f5e30487a55e78d	2147.70217479469	6084.83330808297	1321.41535126242
Xa287e74d0c158f8cbd802441931ecc07	684.828992202065	4210.83225705025	4947.46701482421
Xd49b5e8094b1d830ee7c6da8f19fe307	4705.0275086164	2971.86470811952	2493.82367504001
X398c18c873a0a6fed544ad1036ee9c5d	1537.81597205301	6586.53764789787	1324.78781375653
Xc47444ad611f007560f0c1a76a2e7136	2824.02695027032	4481.35721077596	2548.73004722824
Xa3f38659711e7c28cb5e1ad6d4057479	3415.31700110947	4281.63515871145	2208.41673104028
Xd49637e55ceb4ffe81743fbe5ed0adee	5460.88797833265	2042.53935880142	2851.20607850324
X64de93bb26f4887edaf9e2a0dec979ce	3235.99507222911	3083.70703078299	3791.19010191425
X80dd6edb18c222882a5790ea6cab9382	5066.86902267787	2447.16269975769	2758.74940238423
Xe495d4d58d8a6ac92ad28d75abfa99ea	3695.55453971387	4001.1564854971	2265.59106066809
X607e71afdc7087fd9311b272eab73044	3563.60689421076	5355.61283909491	801.550227906348
X8705f785a45ba82a0bef7f7de48ac9dc	4190.29661409966	4410.44255502122	1303.19885999344
X65267ab96e97ada6d44778c6bca9c9e8	3513.22920285362	4120.10840945181	2303.08288260239
Xe8558ecb11f1d75b941f56982a68ba5e	4127.37478435629	3496.18008070177	2439.26135270562
X641dbbe575a5f9409b270bd86a815b1d	5318.31855252663	2517.32824481503	2431.68612069479
Xa7c0e70ae013f1426d039bd66de57f08	1824.49713235943	1667.61571050657	6828.92559726461
Xed99414f95c227f254fb0000c7ccc6cf	305.347091373369	3423.64116079649	6242.03907800719
Xf339ed9120803df547c528b253ddca06	3886.4974672078	4443.16719248724	1560.2161741867
X6f4df463288b75e2feafcdbdf0a30299	2292.57610468997	4975.58500514778	2484.60220397565
X1d7f4d3ed5e4fa978c54baff3e53cdbf	1920.37280106647	5574.93036314531	2141.99969655873
X490c18e70438680918d3ff4b611c6a0a	6151.90745022949	15.6875231916395	4561.97376867386
X59b82f0ea6ca1faa0dc5ff2f15111ff8	3420.35334841392	3897.30142438679	2655.36381113868
X10130b561ceb11a8156178cc262a4103	3745.98362191222	3031.83508811161	3356.1333045397
X76ac22987ded8959b45ee5e35375195f	2326.79246089149	3739.16471561326	3904.93116679919
X08bfc83017b14d6fa292cd9ac8bd7385	4721.46410645004	1436.46023897281	4282.94977911606
X46a41725b121bf202d07031f3df99bf7	873.136480984764	5189.15490210778	3614.13515326751
Xd26a56af9e989bd7a353d2c65db6fd51	4273.50275879997	3408.39597875036	2400.33415616974
Xe8861b1bdcca5b3576f25986bd4e91df	4956.74527604112	1908.48941663898	3499.15777875244
Xfdb742505b30978af60b426c93a32f9e	2703.35329674454	3246.26539573472	4118.15100099736
X864e74fbe9ad79a4d7f9bd091ed43a5c	4883.30266891505	410.406394705407	5331.82760289682
X5ff923bba9daefad54e8f268b0809fff	5158.54144651091	2301.02320690876	2841.39449887441
X33ba1e8c2ebd0601d58598d409bbce02	2383.32807844217	4348.21098996191	3133.91061368894
Xc04593b83b1751a2dd66ab95b283762f	2792.49327182035	3820.83457780143	3355.95113573996
X0391e4d27df3045469a1d1b9229eaca1	3649.76873325742	3760.67435098624	2592.84979773295
X7d786118a14bb08daf7b5cad85f27371	2908.69877784722	2951.42127485608	4265.05799585398
Xc34326aa3930cff64eb1b7d41a118de6	438.814921559145	5382.49496895407	3809.27605146786
X00f9c65e32de1453c94e179f97f944d8	1276.13624001312	4843.39336527021	3628.6551963522
X193f7ec30727febd61c08d29f0af0ba7	2536.15301100664	3372.85580761856	4131.95117392547
Xbd32d5ec6f302b0dd3ef0b0231735cfc	4171.01291787105	2542.54558646156	3517.96635536778
X4f91a5db5911b40d50c2cc4a5859c5cd	1922.933584853	2789.28802935912	5414.47639681031
X1802823414b9dca9c0f602e38ce895cb	2879.24784552053	3083.37491776157	4138.57087496172
X7aab63b81cbca980182499c88a292852	1768.4331316217	4467.01064086248	3592.32044699942
Xbcad6ee2a417feef84e852817756b192	6057.84596019724	1185.66639593746	3277.96569379893
X1e10d10c2195f4d70c9ffd2ed3a719f8	6827.17085764273	13.6148747537897	3907.6152965709
Xeeaf49ce11a583158224e2bedccb0483	2584.70908672545	3595.94510589135	3822.44599018515
Xddfb6783c289302f8084934a25584284	3670.03916818043	3673.28469337137	2675.87425094733
Xd1096f586abee776522c0b579dc5c77e	1525.26036725588	5640.79933765003	2448.86645128492
X7a6b12f051db97d098b41ff41218419b	3146.30265653295	3470.38036562144	3423.83320379268
X7903b560c4fa52ba0200b068191bb1cd	4032.84542426464	3175.79862489231	2907.86493772379
X1b563e8c2c774da58f0ef669a2250dac	2535.97781324676	3751.52726560184	3686.93280507582
X3d46f788eb25894e1eb4b8159ecdf725	3000.19700131634	706.089220354711	6815.80863854993
Xafff67ec9f0a450fcca0a36d7abd2a58	5270.21676467735	2947.53262688966	1972.69838491333
X6e6f5c96d10dfa96418a6e67218cb9b7	2296.18257286868	4534.2525027354	2999.95121147134
X75528f585fc35a72c1f7b575cc390ee2	6967.30354037334	345.766735411493	3380.81763232531
X03016c67e1946ae7308df16f53345cfa	4112.61389612048	4119.82992518061	1720.41854317976
Xbdfa6222382f82a7f9b125c93057cc7b	2039.58790183325	4724.52433946033	3025.83318089334
Xf701105a0919e5779993cf68c6ffbc2f	310.400705885678	5293.12246532215	4039.24983688707
Xcaf75e13d2effba7208a0e31f770ba1a	3356.62026514171	3482.50436424677	3205.0140078339
X1ba52a7abc319889dca25ff07f0b3415	2917.26568545328	3913.38789763624	3125.77999297134
Xd08176f366ce640169b7758844c0bbfe	1364.24909840572	2732.89358310057	6024.18174596648
Xc38a7929f06b5f518c563f80152a25be	82.0674253451193	2884.05761827105	7093.57875625904
X958ebbaef76f179c25a4b8a2dd03919f	4103.44430559196	1755.26699488657	4509.25870854934
X2c2ff92bdb686414aa7bed3fce8ae0e4	4089.03994931651	5290.30476668904	367.267642992416
X5c5116e7958575e3f79c936efe1c57a9	857.816364717619	5150.72143516956	3674.22094843078
Xd695bc17392990da03f89704a05de665	4004.09775809584	3306.21952366613	2782.49577026007
Xad0910eaf4bab626ae0dde5d6105c5b0	4448.59361286313	1420.29132650756	4567.36650385125
X8301d6fe44fd03cc1af1d730ae7938e0	1560.47637617425	4402.38697252586	3870.56510452841
X7fce185da7ac24ba2e5cab56adf3a4b4	1370.56080434888	5385.53531408602	2899.4386649238
Xdb344673daa50c52bb374f4d04a405db	2365.08175498763	5103.65144030869	2263.517009043
Xc8b258f1bece55ca2497e1e55ad7c280	3169.6065072649	3207.02538945184	3710.78253870823
X4ef84c59544ab1ec4571d9d3bc5bf20f	1557.77635764189	5615.46999417598	2447.01844979281
Xcb38f2905eeb732b3979a44c7c48cd52	4051.70110124834	3194.37919963968	2867.68052352943
X700ca99e57d59839d99783a77cc12478	1338.62178022696	6079.43171303847	2114.71813199034
X8e4df9019ca3ee5404c9476242ef30cd	3614.98174700294	3580.39096459799	2838.63728575901
Xe2365191520bb0c3c2fe29823c7ac4a8	1506.8787610646	6077.32169043941	1953.54358629876
X0d6dc6f04227c9e2d68b1bd2cee57be7	5644.66444871089	3389.42449086168	1088.9772484998
X401be11fcf63b27f4108d070f0ff829e	2913.54836403376	4275.36384439445	2703.83511182153
X5b66f583d957f8c8d608dc06bd9cb022	6191.66163241269	1742.0220464178	2493.72491049445
Xac45c5f63593fb9b54d73e75ec6dca7b	1332.28527299553	3797.1907274105	4804.02010457517
Xb7346b3bcdd53dc6b44090896d4b1e8e	2943.37414828151	3429.67507341766	3669.06726378314
Xec6d2ac4a9efeb327b23f4604d14de8d	2474.58867175257	4108.7016687036	3326.72742231815
X2c91f66dca78e448a837b6254bb8e805	3493.8532722778	3563.94933001452	2975.78270849375
X98c979b09eea41ffff563b4e906fe515	2971.93005889904	4165.22054936683	2776.54116872272
X399e52bf5620e856a190f0f002599eef	1362.75405930259	4897.74922217804	3480.50235183215
Xa3860b3957d9e15d05c4947503ea3c3a	1475.36525781278	4750.06852069571	3544.59327832737
X4b75915eb3afa63070a7ccb9ce18e3ef	2383.42500842895	4218.36801445212	3286.4674891335
X31a31f6f73350abb07e3ca22680fe24a	6089.81426350766	471.008417093749	4087.06630123284
Xb568ca553ada1a11e6e4283e2426a605	2536.23253911381	4111.15746537184	3263.88231088795
X36d6f54c18a77130f8598458b0539ea2	1449.28497581632	5809.88493324948	2323.97682205242
Xc22352bcf84a24c5c7629686d3b31ca4	5161.98638823028	1636.19869759143	3619.65116230201
X10cac65fe934644120fb592381042cf1	2639.74762914296	5346.01105694823	1711.43070993767
X16f59d5c4921b2ba45f007dabad3cbed	5200.99150574513	1969.08398108285	3190.35300585124
X6db065de288cb9dbb118cc972e93110a	0.00025316670999224	3351.39685866537	6623.96950740682
X593569c497e958a1d11e78c30aa495e1	3824.04144869116	3152.66901885235	3138.15074713355
X707562e580c4531bd64bdb40a77599f0	3459.7239012385	4000.82213117089	2495.36490474962
X8e828e2c0cf2d1a5a910a8b0fc286651	1870.05012369165	5214.97966448769	2614.1255998069
Xd7996586134d83e7ec1fb0ef138a8681	3426.47908226924	3677.5290475588	2907.78314181198
X7c31805a23583362dc8ada543ae0bd69	567.687532212087	5752.95119964996	3248.39759604343
X9718340b6883560b297085e4d4eae2c0	5718.8310207704	133.324726520749	4844.90439703108
Xc8aab3f0a71859b744be62893ffbfc78	6038.6018264338	909.558589817187	3621.29232978105
X8416e64212e80b7cd4da93491bccd1c2	3233.97329780588	1604.37648968962	5532.3458907716
X527f2aafe7403452b1f14607425ef28a	1904.97719805604	4317.87211957071	3634.84696072249
X1315562a66350bf6495683fbbd32d811	3846.78918966949	2330.58981762168	4082.51054065236
X7463814036931e491c4a97bf6135e87d	4626.78858127835	1366.49646502187	4457.2895533877
Xdc8850b7a6847a8b4e0302d3deb21746	1062.97504967981	5467.65684877311	3102.06508289198
X5713a01986a6dad5bf423d25d7d78152	2081.93125272046	5276.90998095845	2335.23036413508
Xa50471a78f18e3f9fab10d9384a8422a	4263.38425440623	4090.1237894562	1608.6960055865
X3e50db01e03c1bc740cd746bcccf2dcd	2542.57699582564	1265.32892525805	6603.43731792297
X61a97d2741939f321db9d23e8ec3eb56	2060.57952328251	4506.30228819159	3261.9705452443
X26b8165c5fd1b2978e32af004874b1fc	6421.66811252006	467.731681011714	3768.14085962547
X132b491d0edd4e1494250a18a31d442f	977.472225838059	3476.06778784979	5526.66044603223
X4617a52675559f7b992cf596a448804f	1802.05408056356	3973.68990164007	4139.59633396223
Xcd7226eabfc7461ac437f800e24ad62d	5223.90051036485	966.448423810402	4346.82877871528
X6f4813ac3666d0bcab8c61a8ac6bec57	788.261874017393	3517.3677710801	5662.14123811081
Xee4eaa5d3cc7dfb5f7a692bda987550e	4213.20946776709	3182.47621430922	2724.58321172203
X8c9cc36edfa940e108e6cb945f72fd5d	6885.81767517711	1509.96573971624	2091.37302976546
X22f627bf28a75b163bb5e63e7b57930f	2166.05030959152	5610.64165038063	1861.05705615704
X65641b34493702375ff43aa39037a3f6	1049.04182707941	6243.66807193285	2203.29211039505
X5cb4498c894563eb4e95ed48fa91c130	5199.44456332653	0.601450034103073	5506.12323395219
X36a5cb9019e6b2362a0135c1909a8570	3060.49795476694	4158.9737064873	2697.73973372522
X774bdabe56f84b6a22415df31683f23e	4097.66824366675	2702.05892204986	3401.7716784415
X3437bfdabe0e2ac65dd8374a5015bded	519.988846730275	3757.00575623497	5641.34437347615
X13181576c8d17b661499a05d62cc4355	3935.38672678436	2886.88431611079	3342.3230870016
Xebda0643a03f2b2a2bd5e31289d3364f	4838.78823425975	2602.70321511829	2797.72954846959
X8325a78d718bc670b1316f22f4e85e98	4800.32971891075	3402.26934301468	1895.11855859601
Xadf18fcf9785e2da066871172f96624a	5396.0120059053	2068.69421893884	2883.55850174115
Xd7a5110c1873d5a085abe247c80cfb2a	1649.84933749132	6153.41385905294	1725.02470600907
Xcbdb3a4eba82ff552cf858d0d11a5947	6635.1998957763	847.477368178982	3113.99738919381
Xed96e2beaf054995261dde46f7eb024f	1229.31427456512	5987.12294994637	2329.55981082978
X26e514929c0ff7fae17a551d21ab46b5	61.0063233838595	3845.98392258178	5983.16584856926
X535d3b099f0a293a5d6b4bbd7b0f0e77	855.960654586062	5104.89951716334	3729.89688822999
X4a8c1f735194d39e533317527bf027cd	5079.99950882347	1400.16931174718	3976.88596908578
X1dde58fa912bb474be7e9bea10cdb6a0	2033.32306111993	7131.85831509678	201.721126144315
Xa8fc8e6f00eaf0bec86fe9ec2acb048c	2478.58075142889	3829.84702194095	3650.68269662201
Xd958f79f90ef2a70eaf9711208600728	5542.04360649763	1270.9416571671	3679.40635410628
X8d0423de9b5b093cd0f8a2c432c45122	3411.61349835001	3222.11442250314	3457.65478173714
X56ba97ddae593a006b800fcb28bbecd4	1447.46030057509	5784.76115998528	2355.28860098916
Xd38da66e6c76cebf440888b81e0bbbad	3042.91969479689	2951.83375115137	4134.02303990124
X974cd143fdd3a317f20044ea2cf0a5ce	4874.94286437759	4781.2575389799	201.325198004752
Xf9d1704261fa366e71727842483a4061	5065.88991638686	2410.17196655343	2803.19024500669
X5916efe7b832a74bf5742f96d188463d	3681.8720470467	2392.44817838554	4170.19287778797
Xdda232ea154ef4752c1210c4cf0bc8f2	3686.05908847746	2898.11486824814	3571.6283983945
X1960e9013b7333ec0441b7298f2ac085	3472.23231861437	3215.70588251142	3406.22812617514
X65379a04244f2cf660c1af93c36109e8	4705.58713017579	2155.00720671357	3453.62580898355
X7d750305b45f45f2026be11e74fafcc5	3821.90784559171	2489.41163342449	3919.99097981773
X96bb5c571e081ceacfc6ecaef0f06eb4	2759.07912341769	3448.10201430667	3826.65807552837
Xb6b7cad566ae32216898aff50bbd861f	6332.97207081442	827.550860673005	3431.38618616003
X823c84d42f579bb27c7602f09078d29e	3984.28680207718	2762.44273627418	3441.06136198092
X9d0c399b3ad78757f9188bd6aa785dc1	674.046260785205	4265.37198152641	4893.83468604865
X9313a28c5ebcf8a326c4d9e965e31f84	1809.38711628018	5610.19544557627	2208.49022720181
X55a61dec5a3418c9268f5f0e96db1aae	7231.82623226481	21.7587090990208	3504.4527198548
Xafe1b6e1c8ed32897fe1ad56489df744	2923.8001803398	4447.81071322519	2491.12484379043
X931ae2ec7ce29c4bd4e00c0c31777813	5572.92941520317	3276.89250236267	1291.049679731
X7c98f8edab0e202814e32c1c7c20831f	6625.73849389385	581.614184102792	3435.76465807523
Xce9f25e180783082c9c095ea5dd0bda7	2681.31452921556	4213.54322527441	3002.3974475032
X1acab56e6d9b6d862a0060dd370d6a20	5685.89181610346	2425.32436590044	2182.33110405459
X396646fbe77614b1d94c8b579540c9e5	3742.09660777082	5484.30669733055	476.641958868405
Xdbc72bd3fa34e684b07e70fe883e8624	5732.13712525306	3265.23877424459	1149.89706062238
Xe5708fa8dbb23ffce9d768f2af036bc8	3029.63117339104	1795.47306869605	5506.43478525379
Xb4520634503998faccfd85cd4d83eb70	1900.25644330002	3527.94373575903	4568.12557615215
X48c1d034956d2932857a406c8dd2f945	1694.37007696572	4091.87694335269	4105.3874769027
X8080e7abcb2fac011679a0f14fa28678	3858.92770695229	3477.8170403876	2721.95518776714
X318d71e76bc04ff80504fdeccd6bd06c	2209.64027451155	5538.74520315937	1903.18501677224
X883dfe26a92f2d337c082020465b08d6	721.701406736433	5162.86630300518	3792.334980578
Xd31100eb671fbd563ef499d02b7fc4e6	1497.94499182991	5496.84203579092	2644.67956043043
Xb241a7f8140a03bfc5d8fd0fc2ede730	428.573273672366	4571.181109238	4773.06660794724
X70c8e245754792089b6d06c83b448e30	2686.02049734337	2859.96966139478	4589.16208422026
X5533e4b9ab4293e76c613428d49ed7f9	1987.92326451368	3067.81355064916	5023.81292849531
X7725ac4bf4b4ef6da024ec4830c6487c	2817.18125179528	3129.43850745816	4144.78486382959
X819edaadb358fdba6f7197b8f3cd3c28	572.969693630858	5236.19878455273	3850.78489227737
X2b7d4d6de56baefee20232a28ff72b05	678.290884441115	5259.97755343474	3720.38845689776
X07ac42d906a1d733d74eb512d16373e9	2035.26181445529	5338.21972846298	2308.54401067856
X87f909dd661a6f016797819f498c2cad	5174.48184705077	4370.71834306916	392.632886859769
Xc98150517e6c53b6d6dc9f7b76484e46	5713.77906705421	1161.92053954969	3640.53953038995
X7f03ffe319d51d8c94516a53caf7b5d2	4518.39851293894	2472.83214940204	3262.04090760006
Xd8444f83fbf95c66164fdf3bd6355354	2774.82981680586	2892.33271587584	4464.73372788983
X90b83220b53c76c8d4970330a1fe882b	2726.56931011029	3167.50487846469	4188.16550365498
Xebd60f0b53f631b3652393070ae27ff6	4974.25037056609	3008.44840043923	2188.95398647259
X8ce8d5e386619f67fd48550448a52b05	2850.23725710368	5138.42507219509	1750.74837378715
X5153865bee65ce6bf758ce935fbbbcaa	3306.53282816278	3387.44936446335	3365.48390492909
X3d7a2306f65da61f077afe15977ef9f5	1513.88667664816	3735.61045045355	4699.78288289131
Xf4296b0604c8d0b2a800837ada09ac5e	6373.23722864616	244.94983944108	4077.16281101572
X5cabb9f0afcc6ec89f28a72e66b75c5b	2742.90250284345	4301.50891651527	2839.07616360821
X80e9754208c8276033c7a0a2853360db	2908.59456796306	1841.45030860828	5570.10749563586
X5c36fc9c9190e8ef6f5ac745da99a844	1171.23400990368	4746.64904632161	3844.42678660161
Xa1ee7a84d356cfe587555a3c4ee15b67	2679.64996700943	3431.32929124279	3923.63388836473
Xc762d8a2e994aba60b9538b732bbb037	4054.44054006815	2188.73401392822	4047.31253086657
Xe2f05dd9123c59886e6de8a27a9d7492	6451.97515586722	2233.33708312903	1662.9115745695
Xb983bac0b13161192f9db4ad92aeba52	3383.32147481111	2701.14162247427	4097.65975781603
Xe38d274b6db8d5529cc013942f95673d	5325.34118045838	2635.76748147099	2285.61132089434
Xe31f8279366dc42f3f3f3d98acfd4937	3929.04478231858	1438.79535021852	5050.95142971817
Xdcd636f14733dd9befa590c3270f9c8d	4388.18782687206	2109.98702746383	3815.27276868212
Xad4ca43e0058c9e288144acaaabc8ab4	3739.8139840936	4454.3757325716	1689.71048899699
X5db2ba740f908fe3a3e6832d48949346	6271.02352821986	1.40460081193954	4462.9073279732
X3d2cbfd8c3343515af2039db17d13b07	5307.12615871494	2204.08323196883	2810.84194640027
Xd30aeaed198995f5cfddc9e5c1114017	5622.68911703395	3238.31834492941	1288.00097005282
Xc3506d578907bd6af24e8b2b99ab5147	6021.80408317613	882.868722373952	3669.00886264836
X149d7097a5e30cd7e236fbb36d673c85	4696.79105036001	2352.25294007366	3230.28745832967
Xc2d4165846f97640572ca02893698074	1688.72989105528	5236.78207219777	2764.85457846804
Xfa5161da02dc708956db10f2f6d5962c	2872.29804700656	4038.41016518439	3022.53414070432
X423d4e701b61d84a699cbabf6ffbb184	4624.06873092848	2467.29549502309	3165.76995270254
X375ee2d507a784beb169bed5ad0005bf	4965.77704282677	3954.44375648243	1085.02694951894
Xf772ea4ed61813a59910f6c26332fa25	2340.78823591178	4125.17991855219	3437.49565103107
X4b472c39d871e66c9dd202f62ee109fe	1936.63367830506	3325.07953459427	4771.24251228426
X7bc7d5df0739f7dd4d7f142c858971ff	148.109989181694	4883.86971782784	4678.24392698041
Xc93021d3938abd806b6edb9e48982d3e	2503.41121888646	2888.59307706611	4733.12566955715
X6ae495b09cc60d421ca35e96b8617a78	5932.93210356785	3056.3301624958	1200.19918827743
Xcdf653d491c2b7b8955f49f52e6cfafd	4412.12189902706	3954.4526350276	1623.52939043697
X84b76cf406160a69f3c0ca47a6f5fb33	1636.26785856046	5809.43060512044	2142.64198771632
Xa7e40154bb3957e5d149cb5459f9bb32	3800.50240888518	3537.75068999197	2708.32099851977
X4fd2a06a93591162de642a421b33fa77	1156.76866629709	4679.41324361211	3937.54293243143
X62cfa3d54c2122ccae3ea722cb24dcbf	3010.34247015372	3706.17346322182	3278.86248520104
X843b6d9d38faa538b6fca3ef0ce45d90	3752.62284483637	3527.49352647618	2766.95000793071
X985dd445ee5348ce31d484e322cbfe35	1000.39656820132	6419.64475066941	2043.71824890785
X70d85275acf86d8a3299e613e53a4181	4383.72991242247	4087.32171415169	1494.93604412324
X68fa64ddcd99e95b6085b3ef1eb075b7	4377.37436113523	3433.57473584249	2269.70175382531
X36938f2301d2f36761850f40c6e72f0c	3957.61937920248	3271.91166331494	2868.03735158855
X488eabbc80a89d1e04993559f6ae9384	3405.3816174151	2913.56808494224	3826.46171956505
Xe7bfaaf99f0a66c602b860c50f9bad60	1850.97741924679	4360.38431113248	3637.38999478558
Xb3397e408ae209f5d0b03e79954b0287	4580.85339850161	3492.5705942686	2002.42873977887
Xf2b2ecc54b302907b1020d1e1050e97b	4783.01480287193	4581.96272700092	525.04194089449
X6c822e20f412da5f66e15ba09d63658c	3091.33122689089	2985.83134983612	4046.96593854138
X6307d29e7ebc03887e7a9d4f0c39e56e	3152.30811450461	5155.35115294767	1437.03973221196
X692d529911641ea34c920a70eafac71c	1261.46136101732	6666.39829253157	1499.69528572913
X9b5f88b07a649863eb84fb80d727c11a	2517.44874998258	5334.59850480372	1843.8020373941
Xca8fadcc3339337709f71b79464a83ad	2300.5640856522	4495.9078647226	3040.76977731046
Xc67dcab848b11b0d17028de530d76677	635.377811984382	4611.58550631992	4524.4162761646
X33cc64b4735bf365bc230704691090a4	2124.73914153766	4314.04607036239	3425.59355752814
X5eec42ac3d60e17a0ee801790e5f8c1a	3900.71188625396	3117.71785135649	3104.66789717172
X7046afe6d8678450241140d66814922b	2253.22763384298	6225.23357990693	1053.71303242801
X2ff0243ee6560db47ce501526b55fafd	4184.01805267302	3654.85520533005	2197.61930657115
Xb1b6e68ddf4e7f59f6246de37b52a657	4110.48148678683	2857.24881785454	3206.85836551513
Xa0573da176061e2b5b3f6cda5c46cd76	6581.01692991155	2007.42074334378	1802.99978327043
X95de3a9a466261563ac56429650618d3	2337.38846050102	3916.3551238186	3686.3093406443
X8920cd6e9b1c09ec387519d700e0416c	2752.65699580035	4460.16715396968	2643.06035562733
X02d38608a5177d4432002c2a9cf9751b	2175.99680124012	4710.10465255112	2910.10765963399
X191913a7fe9b4af030fbc7e6c700a947	3571.36090684382	3507.78014431659	2966.43072760333
X66fb3a3749cd97b35532ab29da0b434c	2939.25909915991	5067.58580456621	1747.44411896227
X06ef28ca7f0c2f30d845e89f85369f2e	2561.76314141495	3310.12099414382	4180.79626354729
X49adc7734a3f2ce5accc83d55de64009	329.191823822565	6171.55102359489	2988.23958843918
Xfdb20a7f909fccc82f69a598e0812a05	3879.47097933807	1902.70800236628	4553.76599510643
X4bd202ebc23a5dbfbe179389ef540f31	2809.83549950398	5997.65912395407	779.878305368661
X372d9a0fb462df93f8fb37eb775181de	3673.59235297911	4397.05622721485	1821.50921565829
Xdc8b221d5d6d4dfb8ac4d9aeb748a1fc	7609.06757718428	895.394458409056	2110.43043879097
X4f9df56534f76c8368d55ad18e5e7db8	5076.32715397212	3265.37002812027	1787.61656028324
X8e2d227961ce2739dd10b141b5e7ebe1	2612.00984435417	5982.15430460974	990.521892898247
Xaf7263b2c6a6d79146ee2433c9097859	717.542818518461	4226.45705363706	4897.27845587266
X844c374fcfa09eb8af0f5d4a1d7ec915	1905.23186355016	6541.54603010668	1020.31544403028
X8bd3ad55b8f72e406430d3ea0fd79497	1088.22501479802	4222.44867215142	4541.44677404802
X897660095e14291476c04c07d62ab19c	2285.66990238644	4879.499674689	2604.28317555523
X634bf443a76471fa32212f6537b66494	2974.08766007158	2009.30522352369	5309.06535558692
Xe60a38f89d5f9bf4c9c5eecacb281bda	1122.48223063458	4126.84736009309	4620.52109091708
X7a1f2bd4d9c59c579470b59b2cc5aef1	1247.18968683887	5329.99095246369	3084.736895567
X5b40b2b5588645ecf1b152f07b2156fb	5468.00750133045	687.234858754536	4437.65816209486
X17c5b25010ace8eb555695a0f17d8058	5279.19354871515	1492.15010492657	3675.0017007087
X4a704854ae6f0adfea5e7e9d07d856e1	2724.90246333473	4133.83818904621	3053.70762683485
Xe349b3b57901898f4ce19e0f8ae00073	3265.19359277949	3748.64987650681	2981.04363956975
X4dc5526f2380d1944c16c405492293d5	1047.20331658634	7329.98962577764	927.935859538005
X307540b071972183f79089bf2968194e	553.70987103577	5667.33749925374	3362.64555117202
Xfda5067579ca1dbe0105f0044c9a1a36	3087.26523903781	2306.20488877584	4849.93016861401
X98f49d8e7e9e23332daa59a1736513b1	4984.76073300141	1995.75732690769	3369.31116850357
Xa86c464d7742799bc7cca15e5073ba6d	2471.21937987693	4201.46875085578	3220.94204475685
Xe49744bb3cd2750dacc5f87e48c34c34	2905.37667354451	3905.9984119341	3146.0313653623
X40ff97e3fb95317c43e78c54e4af6fa2	5289.67805446618	2829.02422139405	2093.09491142862
X407f1a2a5483e7c610000f4a7d6626b8	4369.99358993064	2594.09187905956	3263.8268323623
Xc3a87c39d5e5fd936c2cc6c2f40d1ac7	2472.01205730028	5321.44658222171	1903.45823866585
Xec1bc98eaf9528b4671b2e6380ef1f7e	2886.03158905886	157.948237274127	7571.27893582429
X61ce42886ed83ef5b9e7113331d551b2	3202.50110180152	3353.04108555202	3507.12282887601
X50a360052d5f832029f99bcfc8d51b74	1149.48514259001	4311.18189271914	4377.54201622291
X3feac9dc8f5e975c5141ac83fc438ea2	5641.76612821346	2169.4911352779	2526.02279132931
X3b1ff3ab3d1f98e94f9966b350d2d64e	730.822773714261	4903.19692308377	4088.74590652647
X9190ab7e874737a2b5ced7e7c83b037a	2972.29044282912	3184.1592009401	3929.58493775468
X780cfa362fa0dc62086edbc2b2114ba2	4780.92488452655	1646.86142729115	3977.75503224092
Xa212833e830fba62ac4a50af668150c7	3747.63783562646	2556.10934673169	3913.81591827532
Xab2c4c91b315465a99537d47cfeb7ca0	2703.11917227857	3586.6116773501	3718.24731281637
X06c76fbf2ede7672b6d7ee8c254f3277	3162.73505228072	3437.99190437714	3445.92803685899
Xc2bbe39a40e0ea262e6d0b9d6ab7abc6	834.124982126547	5104.72522633388	3751.34026977693
Xf595addaf738129542c61ecbd2daa940	2658.48996429975	4163.13868180826	3083.85635971518
Xbc08a17e9b687750725db0986f4dced2	4364.89811918184	3168.54772250076	2593.41835576964
X6c02f2b6404b5b719a0646c07f4a3479	1199.32730807244	6389.80621411695	1885.30815678689
X19ea89697b4c64446d8b8966fd09dd1a	2456.32582522154	4519.07746115552	2862.02850314766
X2cddd57246691bb4967fd526e468af6d	1622.69193660281	4607.39313336101	3569.03363401174
X41ad534f4bc16a8535415c0f2e2fda50	3418.78345421032	4329.85441319013	2148.35564960736
Xdbf4b0114f0ccc6c53724809d4946d8f	5479.97801863794	1655.818366305	3287.29043218082
X2528a2fb7cc4f5bc3922038fe45ba025	740.011991611814	2163.47329901323	7300.79068113373
X723d15a0e582e2096f38afeeda3a18d0	1616.12553866268	3676.06903760636	4670.34065611457
Xf530811b226c90782cb8ddd71e28cfce	2667.23377836676	2809.60211514157	4666.65008796324
X7c276f502728f99d72029bdb8570114a	5282.49260306125	2212.59129023475	2824.7992020781
Xeb3456819968e1e488e594986af7fc23	2965.42519799372	3502.50237573977	3561.99917733079
Xcdeadba663a471057fd7ce97bb34b3e1	3559.91821787861	3009.0991603638	3563.83960228031
X94cd280620f5e23ebcc4a2122ed7e243	1867.13950312629	5675.09525385762	2076.01725738153
Xba314ebdbc21a67b2f5a30ea871c1121	1135.64596369533	3556.26774572268	5278.52484287694
X4434839d8caca6a0d57b8e0f2ca331fc	2636.66118573096	4871.3895768939	2272.42609002363
X065cba0a7be42c63bc66381248079786	1760.05898558104	4268.02482430127	3834.40516984691
X892f6420e8654725d5e4285fecd01357	4560.09572314746	3309.06159260958	2238.36283930379
X1419bb61cff4470103db9366a61b6ad1	1186.32596530886	4065.86157253983	4630.1219919992
X55a53755c5d27e22e4408e44d1bc989a	5223.80440804773	3049.16537375749	1898.3558553275
X464daad68082ebb8209ea5db3a50e7ac	4267.91214655354	2313.11660324815	3693.4476959667
X8b16dabb218e165eb22f3ae7d5fc2fe1	1882.94350611256	3579.79411383218	4524.00661062085
X664e3c39989d204caa88811baaad4e67	5403.13188986515	2628.57796785362	2218.40058027113
Xa1be8162bfc18fef3ecf0aa3de28f948	0.160184996284656	3489.14067840147	6461.87409102085
X9b4771d72604de636d8fc01006bec3cb	1336.57944204885	5737.25143619242	2518.99217669255
Xdddafb0cf3edca87e72d34cd7d65d4c5	2351.18761995959	4335.6506815868	3179.93869089579
X1e3c3a35d1e2dfb5cc4e564bf73d2f2b	544.704530295748	5938.23249078793	3052.92427301081
X85e649550a835fe5b9aa7242dc1334dd	4775.97359791482	956.608002667871	4794.07404133607
X073e4ec7218e717789609c79cabf8ece	887.700526523512	4655.01493756275	4227.93626277564
Xe201489e8158cbf66365d94c9046c7fe	2168.16443822624	2933.34276703456	5006.59316659982
Xbfc74502e5e2f9e11ee5c2bc3b84851a	5987.86032383248	395.970849603323	4274.45048266748
X6d110edcfa19d0fafc2684ae8b8afa6b	3354.93238450643	2392.10282812137	4488.59687508682
X3abf2b9a9346c01d52c76ce5dede3980	2973.49735347112	4078.88962136298	2876.51253252882
X610cafc680ee97aea24070005548f05a	4138.1094639144	3846.05083145891	2017.49131866766
Xc2a3a41db9f5fdabf96bcb01080bdeb7	1996.95365797894	5515.63355945905	2137.22616073868
Xecba685c7ee49ce91dcb6f204ac0c406	5608.04874957169	2587.64706455586	2067.20893512072
X1e634d89b40d572b87cb8c782964ef56	4063.79047292202	2091.80207431864	4152.17729087718
X507a6b65d5e4c2f63a58e14fdd6325fd	4698.23438459961	2264.73047662414	3331.78023241061
X0de012a810cbd5283893a650dc5099a4	6263.25666299581	770.412080747271	3566.37066440932
Xffb8553875f8d19e4cb0c3b883220b26	6612.07804346662	2956.66800764829	656.7964199534
X2ba17c90a3c1bff4ef8827b2663120e3	5199.25786837782	2120.73859193155	3013.74501364886
X0131ee30a1572f16c5674577f5cf6a43	716.187665682389	6026.15910674224	2782.75935888841
X68003fd125e65bd2f75cb6641d6773cd	1978.96792857903	2432.81658486286	5779.0636854773
X30165d5b06d679e87a97260760a2321d	1383.2011840261	3667.04943514419	4907.49859842359
X83633277890734c074619296bcce8443	4421.01220011627	4005.86986129951	1554.43307468644
X46a8c75eb2f5ea2df29957ad27749d1e	4265.22369389054	3727.61224371355	2033.09709143531
Xa5b3c8ab74cec6509ba4b63b74dd193b	2566.34000996167	3693.81322904581	3725.25307054146
X0591d2ff8464c7b3bd6dd570182325a3	4140.53890511473	3243.21405649275	2723.85922749686
X58586cc65d96406ecc23e19516620a47	4249.56049911069	2598.16747642908	3376.17460679752
Xb4e664746cbea6b38ec618cef93983e8	1546.25811343453	4734.32973992804	3494.14276662848
Xb9003b38b6034a93f04bce46bb86d49f	3270.22995965263	4314.39267193473	2311.02400685785
X3de3bcd0c0874689a5e14cb96a8d8b54	2776.85225780303	4370.49491971372	2724.95085772354
X4f08ff8ca9c717e02f40591efc99ddbb	2533.56317161368	5705.47446185741	1392.10442059002
Xddf0616451cd9f7cfef532a697965c69	2509.24023581591	3272.35384651479	4276.28400066172
X37695d12e5f7ad98d22665252947a491	1328.87271174138	4562.33391199057	3907.79132199671
X8fc3dc71e50dfac95e2b9962a1bff5ca	1453.28594989921	4152.99035856757	4268.02946191141
X1ee17dd8582bd966a10bb046765f5da0	2147.38013287519	4313.95942858473	3403.67365023077
X8c1e220212c25023f7698b4987fef769	3432.56272320614	4310.39594318479	2157.82977768355
Xa8196313df90e274fa5c478ddc0e3f48	1691.99690039798	4286.49491807985	3878.89123698661
Xf2e8bbf385c2c6205d0a62ac763c6c1e	1885.02156042777	5339.84485726933	2452.7646505116
X531a18c617b52572555af6dbaf79d155	5024.94025112533	2389.96683873259	2866.77430660721
X4aa3c05a1721abdb85a8cef490bfcc80	1989.06004243145	5325.39613156808	2368.55836737218
Xdae098d1f553b8ad7b29b7260d8cd815	4479.06188332054	2431.59965659437	3348.77707523083
X693eb00264592bf8cdde068dfd8b13e4	2170.91293454538	5091.70696847009	2466.41801784818
Xceed74a24dea8bbb00de34feee199cdc	4206.82020842953	5505.25525735124	1.56768672653827e-11
X519b745128d6dd46890a1dd16adf8bf2	4358.25052461633	1104.19314026818	5026.86264257715
Xc6f9674d8473b628a802595c2f5880ea	1526.32310173692	4523.36879377775	3761.55084703908
X188bc1d97d61f0caececb8fe2eeed462	543.265480907762	3619.11710988679	5780.81447213542
Xa9894c70216514219b5f0f25e1722e32	4529.58341902486	0.00273757417568713	6158.36780422261
Xd638828ea3a561ed62fdc4786771b528	4210.8164936845	2488.2519792296	3543.08219904985
Xa09b7a199303d519d339c9f769d9b9dc	3381.17292013589	4800.43536390498	1631.69448716423
Xef16d6de92fa55e092482ff6e0e377da	4785.60257086455	2691.55787335373	2744.99776212482
Xcd42ec62c52ed2d7d4501b1f0b35c658	1417.27229893127	5280.20093546272	2977.8420971718
Xf00fc26b8ce31e7a40ec44b8f0939be3	1676.20279536389	4203.54066092522	3991.77935664105
Xcdaf1a47e636b818a05fc059e5e7362e	1879.25573456782	4582.6231192446	3348.6078691599
X2d5b794b4a59d862d8d75f411db99898	894.879928269492	4999.86399995297	3815.52806767784
X423ad12945144a8996111444ad911c26	2438.1351702	5015.69589722874	2295.86736582261
X9b1952ff2f60a44272d3fdd1b0cfce64	3020.98181582614	2829.93657758021	4298.67052120318
X2069a43cf26725e339dae5a64490a17f	1562.8415444951	5859.46534434622	2155.23629225876
Xfcf883ad693b49b5821616119ad680fd	4450.12575199834	2728.92273271329	3027.37105369659
Xf0288a91968b576b8a7ec5d40a0cc370	3010.3591168289	6494.95699165299	0.185870290531277
X7b97ab8789ce36d8bb74bad9392c7bcc	2582.3064293236	3433.39762939394	4015.88345424224
X9266c402a946811edc6ff09679d86446	6308.77176581198	159.100028821311	4240.79533025538
Xfa8ee8a5cf3379d856208707cbdd3f92	3350.04861563161	3326.8910289075	3394.35425324075
Xb174a22946d23624c5dccc28f9360223	7122.06842317006	2190.67323478932	1061.30327929314
X8fd2b38971ab6febeed1416b6705c8ce	2944.90774159285	3926.80672564333	3083.11796151818
Xe761ceb4a7b55e5c5c994435182ed394	3270.97444934863	4742.64639845372	1806.81922840996
Xdf5868027d40950ed7db528969acf608	2212.90000721895	3814.77796771702	3926.81324996693
Xf1c001fc4a606ec3775852226bba646a	2476.89468759032	5455.98911973224	1740.53290640746
Xd6f8c28242e48d91ef4bc598cb9e617b	1607.9438120493	5318.47893794186	2747.38347472626
X7331ed3730c6913b1d0e609095a9ad69	3351.67676067467	5883.08670250224	387.554382918644
Xfcedaa76e45d0f17694bda70a3e91fb3	2205.22842989538	4956.77805738422	2591.67152264289
X11fce3363f7481501759a4cfa960c7b2	4673.98925998588	0.913856309937024	6016.8402443626
X5662bd7ed1c9e11ee8cd047c10d281e3	6950.68898924593	349.3610278806	3392.75211675666
Xbe78ca3c4574d60a753d70731a52bc0e	2919.88938387601	3523.85568420227	3581.18537931313
Xc8e4a2ab35f44b70241633b78606dbb7	5525.31494063934	1464.17796672022	3468.49735419628
Xa20db00649a026cd61325d802c1b2ed0	4542.58643966125	2030.92621697778	3758.04551043961
Xf70b0c5dacaddf40ca7e402c8f7b5f6f	2646.50042715809	5320.81908708635	1734.47978235169
X4a6d350bfb1c3a69f8ce570498cc6f7d	3603.10139382083	3179.48003552717	3321.52754070582
X7497144f2ef21e19c254fabd5639413b	1884.82446009372	3638.69233619942	4452.93283323961
X92da4f0f17bf64a7f3c4b7c9970869ea	5106.00448683236	1932.9524312347	3325.22057197792
X510c6ec5d94c0fd563a1f2b7e5e938cd	1742.24720731934	4093.94007226993	4056.39423093451
X8f59876cddb394193004de168c132baf	1346.10870731863	4640.78082696451	3798.79984755923
X0c38f986cbea173cbafc957bfd0b28d8	898.421013570778	4412.57998565894	4502.52998142232
X48ebdf79e99261ca64ec89fa7cac2e00	4786.24113094505	2422.01069146524	3061.27242707701
Xe0f58bb185e45c7a3fa81f212570636f	1192.46783565182	4557.29895764899	4046.38496779091
X8710d098169fa294d03d1b5cacdc2f7a	4742.42726512257	2233.74779533786	3325.22110090699
X05d22214a12074d176162b3d3d206363	2445.12836186471	6395.59157302198	666.777690677052
X8783adc097e910b52c11f50e2a4aff2a	1927.90681918278	5321.70132873197	2432.38290325322
X6f5c1c6ee29562e92b675186a9a24770	2725.61038016452	5038.27772636373	1989.70595060859
Xf38ca769a89025901a144cbbe657da6c	1388.04774606165	6490.08210538975	1583.85882856205
X2f399a936f871f31bca98d92bb413cbe	1428.77984657749	4895.01852766494	3419.49271308586
X5063c34f9a841ad4a0c53dde5f42473e	1016.13788968963	2917.77723606889	6145.41197992465
X5b5e39b2215dcb24bf216ccbf6166e39	2838.73705296704	4256.66404352787	2798.58496341276
Xdfdfed054a070b6d003e028c7fe428cf	2259.01623483072	3213.816179006	4588.48484414993
X9f70446324bb6710757ebed4fa864a3f	4548.56492318139	795.668235554607	5204.4735716905
Xd041787a5e525c2edaaa90a843640bb9	1553.9771159715	4016.1121513	4331.01435516349
X30ee743b7fde59d25ee30303eb699e31	1155.85740658232	4972.20621428278	3594.20437167013
X40f2f3210695eef9940acf149b2d96ae	658.732804308834	4390.77218634441	4761.30135717167
X342758d6ea21d1386905ac1ebd7b325e	21.4598125120038	4482.17178017789	5273.69034719121
Xcbe29b67a8243fe575c88ed8e2c2afde	2623.64772085505	2162.53234237308	5469.77794172165
Xa3e41989c4df89d004d738e3104e0f1d	1002.63478408474	5375.03216113568	3269.65017744486
X16976202f690ab9fcaedacc52f5cb27f	1147.00862989975	3552.61464990513	5271.76773897318
X593df5fbb758a91e262411484346d0a2	3600.38449943628	1557.13694884659	5231.49352556798
Xcfacb7eb725aa51c8def27f8bd09b2c9	4657.65092785347	2405.88622102203	3205.30262554935
X5f49414082930ad3d6faa26afe948131	1602.31388787138	4000.68264354251	4302.13942676899
X0f828e9106d704b282e2f18107fb6b7a	2951.15564844684	3538.35811454206	3533.72431259749
X60e548e4beac14fd27d9a41556a076aa	968.10354763784	4613.30396574931	4198.77014360835
Xb9859ece5e81e4f21ef40665928a5526	4337.53455632195	4393.40808864705	1180.01455711776
Xea2a3b33b1273d60fe78d41efd2c930d	5970.99486307505	595.366962956783	4056.43270324062
X47810e4a1d20c07f975b3546767ef2a0	3821.92288956997	3520.84404799764	2707.36281786925
X5709f9e5805825fc3821f22c7b148137	349.781703138025	4183.82467600321	5305.10260844782
Xbb1c5a25e8abc5f7b1bfae0a7dfe4a1a	1261.01280150177	5901.58580327614	2399.29080367488
Xdfcf5305535621a96b578113a61d1144	5626.51407094792	145.290341973105	4920.62902025272
Xb219770dd39b0a33a2a5aab580e38f48	6676.52773046349	3434.20586218933	32.6873944737505
X537dfe703f9be6f7b41b45d720e48d46	3525.69071927139	2132.49281212394	4627.72175314775
X4fa2a1b3738de2989fb9621b6895af41	2779.95556238013	4179.90404754455	2946.00243615311
X3a136cd62607201b4a5025d1b5368c40	1943.50833566549	4556.37799387924	3316.96788946623
Xe56964515d4aa080ba8350f66b89b1ca	4144.57551919392	3530.65644166845	2381.99858324237
Xddc4ff1849070c7b6d678bb059022f12	693.195375975043	6320.72997422831	2458.80771841586
X941fc436adec159e7f469ce22721c0f9	4226.7270109901	3313.90851982883	2556.91570265482
X3cdb45cfe9ffaac83f36c75e4af759e6	1764.94312724672	4777.50007236158	3230.68508724225
X34af9fb58cf5136b9863f09f90309afd	4966.86520693549	2594.78936597425	2682.45942749179
X1692599f3867c8e12b6bf09046771943	5066.64086179278	2087.5722967891	3181.72727063678
X066163adb7ac97187777f99246ade71a	1872.8718612741	4504.69498704914	3446.43411086163
X4ad56c7ed6c731462c83bd188e409ca3	6315.62196911108	792.503699928837	3489.46530365877
X45894bc3efe4b9fb756b9b60d860524d	2924.82912989769	3731.20464757986	3332.6089121776
Xb3e8f4122cb2e99b707d84ab8a095010	3564.47409762173	3624.24631167367	2836.20460503391
Xe12b6ec846380a39d2773f311283b963	783.259047964467	5952.27025735767	2804.39049721963
X81ae53f960bcd1f54d83486363c634b3	3249.3701258364	3684.47247287576	3071.88512800005
X60a9f6d7ccb1fb6365502c254302acbc	2980.75804807627	4627.31668444292	2224.6868154348
X3db1a6d0d06440f66429056e3727fab5	1054.15049260422	5065.61739758909	3583.30987460886
X10ec23fa07eea3d69a7769af58732d4f	4340.0811973312	2390.56289299588	3532.20195996196
X05e7559b15212b2748bc0a5133f85a3b	3568.54259148225	5112.26946252479	1082.83852273041
X927e37ac4383ed6389d1d0db6ab904b7	2349.70646772407	4311.8292737503	3209.38520349879
Xac23ea23d161c0a4894912f42b8e0b9b	238.847560753026	6674.21994484845	2485.14537286687
X503d4b91a21946b28d89bbc0a6ff1c0c	2784.01901976615	4347.67233630316	2744.81169577232
X7d84f93927db305825400d52fe2467ac	1765.71222274951	5734.927192911	2104.32853902589
X374e432074fbccc257907b977e27c34d	5497.000909975	2631.25608565992	2123.95028817452
X83f4c7f066c22ff82ffdda3a819f401c	5957.65596908086	923.479941875335	3683.65757501046
X1cb1841daad70ef7c6839b5f9d545558	3882.82488967597	3411.89151053402	2776.21757326418
X3591e786d7e1feb1237e5b3025071c62	4651.87850602642	2543.87955297223	3048.68397367112
Xe8fd7e061dc695303531468579ce9cbb	4007.75477566821	3894.39521115661	2087.44431486234
Xd184c87875774aa04ad76b5cd0528c63	2457.04714115928	5779.6450897557	1379.32834712955
X6f15579e208a9524c4a36704207b706e	2933.28660082857	4187.85143200286	2787.52152558559
X6beb5548a8060d418335891d98ea8781	924.18589528008	6054.36545907331	2547.28873254535
X3dbc4bc73dfba4629ad5fef29a99f7e7	4244.27105359294	2874.17464252979	3056.82888413431
X91a68b73b9ef311d3a6f598a10b8d369	2992.31900689777	5159.62739668159	1587.6257890646
Xcad1fd440c471f7904a591829cb6d14b	3538.43518726812	3711.72253182446	2758.68909348127
X80f9a88517555f71e441163428db8371	5386.88418216354	1608.32469623163	3433.67458063823
Xfd354971867b62382812e27e3df227ba	4520.31131238756	4600.11414293919	759.22069912055
Xd75c42896884149be997c920b5592e16	3937.89503816741	4076.24741580052	1941.59710474146
Xff9a5e547f4e630f903268749c2c4e62	2303.24260920793	2075.40514853928	5883.85202240218
X5b4f66ac7b0e9731f0e2d09b9ce2bc83	2337.0333268379	4163.81291794641	3395.72860400656
Xe9433456121a8710f455344dc9c484c7	3681.50696075454	2458.59392706528	4092.78308764914
X76d17bde5ef4f59248f2dfadb6ba27ee	3737.53697031429	3992.84458984852	2234.52879491316
X2bf0d2c891632c9eecb7cb7ca0bbdc35	2950.8068751249	2233.86447923102	5067.70415104492
X56517cd1ff5c36c94c351f69437a110d	5942.33073973829	1644.40193320981	2851.00472848184
X455848b4836fafe39ae8cc9642cb5596	2005.04579744521	5394.38436248818	2271.90313359339
X1fc17d39813bb21078851cf009f5bdc5	3385.83950775263	3928.20333019861	2652.60358543472
X7533d8277a20dfb0c88915db24868ee9	5425.1464548091	3691.71891056932	947.096137293194
Xff34dbd0f069670a20827e31b8026144	4479.83628579826	3559.52676817297	2021.96539583358
X3b785dfe51f758e18bca243f56b5117e	2407.69350042105	5140.85442122776	2178.33263357412
Xb75f823803af55f1de150e4f4de3312c	2161.92622570558	283.795416964648	8127.62682528026
Xb28579e19904ad37116121b7a3d6d5e6	2381.68867294594	5257.20614626256	2066.83620371067
X1ed22c1e4b51a9aa893333101336d863	6125.10466887312	1861.48746857336	2418.01088243361
X211c2e0bb90037d7c0285da1025e5b59	2691.02659772327	4172.52315989231	3041.17663851317
Xc52dd1f0ac3ca0c519e06ffef31d20a2	2521.58919814168	4595.26372234757	2708.98094205013
Xf356612bfb14f579d0109dd28a074fac	1554.69115357809	5499.19536346319	2586.7186728342
X494323795b1fb3c6376fd2e364ffcb24	2513.04545716223	4104.09505014081	3294.73823168374
X070737943aa2690378c5d73bdea647d7	1113.80204608987	4369.05574231553	4344.20924013656
Xfbff2fd623efaaa23c9da75cb2084925	2543.41420427874	3525.28078015752	3945.68867319799
Xedce4709eebc28be5631985036add223	5480.00393581217	599.896459616569	4528.67006235298
X1ca582a355616189ed5be11c257b9a31	648.254377450248	5844.81297624348	3062.03603514183
X20ea35d787f94b54b3432014f9897c2b	3422.02976148646	4224.75914239205	2268.75440282522
X90d98471d59b5c0b179e8e38e9c566fc	750.12066944292	5116.82211832822	3818.82526689009
X47001a91d71acb95bb7a3d249baa19ee	4884.52326516637	2017.5431921361	3441.19441451474
Xa7d2bd80340b4019986ea8d8c3638c75	1402.86615352522	4692.62923820964	3682.63860872187
Xbc7a029dc7ce4b19a5a2b78a7b2fc6ae	4402.07295468852	1483.01362666354	4538.87475814988
X13b911b56a330efd2660b67b1cf98466	1563.7342933017	4900.49312706727	3281.79295496392
X9388bd484d0e404c6732573b4228d2a2	4883.02184768421	4775.14042865101	200.658812054493
Xc3d410d70dd7359baa40126494fb6765	1136.70186679733	6476.97134085496	1843.74428796957
X50772aa64efb859960b20f8801cd6f58	1598.00825227156	6459.63579424498	1415.43516625722
X91bcd3067a1a7954692d836515e04869	3764.20462061756	3461.00482803945	2833.85307312681
Xc7439a06ffa32b313b0ec1b987b992a2	4060.58342788049	2756.12073340827	3374.28394488851
X21a6043653d187f8bbead475d2f49791	3450.07114484933	4480.60233425266	1940.69540923303
Xa021f5de25a2ffa059870f059a65d075	2574.83787243826	3125.45170896877	4385.18735915442
