SAMPLE	C0	C1	C2	C3	C4
X00936b9285d6b8665ae9122993fb8e91	2.31154555115512	2.63285859029367	0.110971586100533	2.24284859371368	2.36566747602775
X105622fadc33f23755ac2df823110aca	0.641766049773585	4.83707146940188	0.223106333492508	0.887192566446541	0.958640384978742
Xe44f39747a8e84b02b4cb24659312144	3.25420186579405	0.632867411716521	3.49882436937009	2.02540619911615	1.67226137796699
X293dd1284496215e9a0eca9f17a98e7e	3.1302001417162	1.37258670101485	1.03166189726102	3.33227460591773	1.33041903477062
X01ed7190ce00862696edbf047b542045	1.94759177455345	2.89920047693309	0.687129072544084	3.10666987697827	0.865016050929317
Xf4a6a5a1450a8448882e1c0aebc0eea5	0.349470947853744	2.58685997775919	0.196832183322114	5.37403087051731	0.793577128641417
Xf7ee4a331a8fd70edc240dff978c170d	3.0840445775339	1.78474731112457	1.40004156330036	1.25178429315836	3.19007185326952
Xcddbd4d01bc7513298a5135e97cfdb6b	2.67829754593597	2.48363683690405	1.76208579162431	1.93529867454765	0.995369396747109
Xa57451efa2822becb256706fe939d078	1.97391374189014	2.04283299854198	1.36477036355634	3.25444952959031	1.81467673675928
Xff8fbe2fe76c82d429d4fa1d315f3b93	3.03196720515377	2.10646527758925	1.20363539550956	0.996412319698668	3.26848009467091
Xf9ad54895d67b651806deab25643ea6e	1.39684817066736	2.39065162008711	0.598079284987621	4.24942554827651	1.29019700698663
X83864118183d6d44a78a1dcfd50420de	1.69119138487675	4.43833911141942	0.00623720416344699	1.97661175014194	0.0138453046077837
X270eb069e858ab11185487082313a8ba	0.0333282460660512	4.23188496833484	1.48303936366253	3.1506229165398	0.000550343710598119
X47156c2ebd5ab6bc3498b6dfb70e9de1	0.161653466510682	2.86979964492577	4.27278475720709	1.98956531179492	0.820108817793683
X33fe25b1ae7fa2d13b0cebf465cda997	1.82393351830961	4.23901791056975	0.0127090013152705	0.341915282988229	3.04131359960371
X97b6866aa994b9796e91aef65c9aa00a	1.7830699242594	0.976944029055289	3.67200755883636	3.01493602190283	2.45255201804734
X5698d14afa59bd77bef894d49d33c6d2	2.50877907346961	2.06969851202408	0.311871052222859	2.93419046513427	2.03576252724021
X3bb0665c45e2decbd5439bf13b7cd0ad	2.8492140094314	2.36966075893387	0.0321415098838669	3.57176638588838	0.494579549526058
X2d6a79464a71daaa1047f0a261d5eb07	1.4238343116935	0.548766947655558	6.0403523269861	0.727440304886238	3.70121811430859
X97d1afa809fb0c655921c0ca2b2f9d64	0.394574641194269	1.61990291997497	7.53674056970475	3.85267015433835e-11	2.49417334041082
X5f3b11e482ba5ccba88a68c876d2bd7f	1.30626140028409	2.70617448227551	1.01875691557081	3.19172373214008	1.54759016547007
X832e10f63e678f47e1ca9df1eed387d4	1.89634222498412	3.02757968938551	3.07696113985369	0.997988691064581	1.34740977399047
X441f1fa08e92bc869755da2f1d547f92	1.55720043765066	2.95996109943784	0.00609352611497992	3.12793747618101	1.69852881811323
X193d13fc662c7a4c86416d856d767d0e	2.56731064819008	3.79130272630858	0.0198559706966092	1.62446555660238	1.03381919609778
X2d0a4d6a0245eddc55832f3567edc1b0	2.40040006961779	2.14806345047072	0.558642641209527	3.1133807509912	1.29218869802497
Xfa384aff1a21a428ddc61730d791ac07	1.42458895149077	4.99159225185846	0.443313502032906	0.0647688456736381	1.89463815187166
Xce653fac9fcd291555d86026cbbe73af	1.85391972264977	2.2932722611192	2.30768546701282	1.27455482139531	2.91019189694282
Xaa1b3ba6002fdc8b8b13bc722b2fe074	3.78001448606174	1.58065114900153	0.0680068279497906	2.33536722310745	2.12839842082514
X4a34559af77fd876c74d98c1fd581aa2	3.7917616973077	1.80302989799335	1.06421730669795	0.879680091677326	2.63117775729714
X4c20c40030741ca8a07e483e26a19e67	2.81029930903298	1.84751771254085	0.922974735327299	3.12033037498267	1.84878854974727
X99252e20f6fafaefaf3fadf51acc1ed2	0.000577568440238367	5.62215889202508	2.71661085793997	0.106637465952843	0.122138258432651
X07e01fdcb86fd0ab6446d7f20038d4a1	2.57737508697545	0.738413478867794	3.71028800113596	1.97672008174123	2.51585105776193
X8bbd8072d4cd190553dfaa7aaa7b19d6	1.85145031419295	3.19941162040121	0.375025130451177	1.80996655242517	2.67843883375369
X0bc0ebe2508cfcb3e0c4853061e2c638	1.21391966103452	5.07322173380983	0.00844526940368715	0.585314433038239	1.91144665524708
X6f5f07201e23cbc8659f078d29b36cac	2.10581048370004	1.95536050509539	0.943824550235952	4.05726839759523	0.634803433353397
X6a295c4f7db25ea5ad800d1d9df4cdfb	0.975972757171379	2.64248172768727	4.63502055490453	0.441413270681299	1.84835861866738
X5db3fb52bae7f0ca108b11eac258a5ea	2.78633219994916	1.98271425322978	0.279471576268431	3.48994916992078	1.344657508714
X0d698cf8dde695f7a8cdfad41fad55f1	1.03145148037855	5.72050946087835	0.00302087923136131	0.029074460939654	1.61392507501215
X64875728bb1ba831bf8b886cbb20235b	0.984615866393872	2.85019353272342	3.08832069783397	2.63874732681197	0.208074436109239
X419386e8a743aeb75391e63f78626066	2.55634453135879	2.88113277934937	1.02309405360858	1.05758792310904	2.551224782647
Xd14fb91b737e78e07ee6622e56539dcd	0.229928661141162	1.84872679721282	3.79632396894702	1.28531868041956	4.05192739633754
X111cb9fffc9fc55d838d097af1e3b727	1.8548608823417	2.21885429900875	0.443809532258516	3.75875724039018	1.55742189285192
Xbebf2ac740744d14a9c3196582773a65	3.66010841647245	1.59497243100634	0.212513394344768	1.84104120014952	2.95421199093495
X55bb7aa07ad1c420285fa296f511e9fa	1.74451453929457	1.66170222542752	2.11436394322273	3.77052892795663	1.2201664740717
X7354734a2b7779fc172b8fa7062a7f3e	2.59601751499495	2.55225877388458	0.00172216660601994	1.9901788099717	2.66241003052355
X31dc99ac3198e9b0437786a6f2edc50d	2.88634531477834	0.269344385845873	3.67154024173597	3.3001134888889	1.54424199775899
X52f703a2b6e5dab5d2ebebc819a4573e	2.71924033771999	3.60403153957026	0.00269953584789761	0.571458974624676	2.42773651136609
Xe3a92c49455bf11904afa9c1d9661350	3.37331126295225	2.28960008423717	0.00173238939587228	3.24029222009853	0.272131917772749
Xfab3b2d8b666d807064f44cf2671b1af	3.54508488671244	1.64050881781228	0.630956650863143	1.9116803626398	2.3883876704441
X1cb9577d90b2a15e59959f7f911e6689	2.94665206173544	2.78434921049291	0.000822689665366224	1.21731053250825	2.37577030684798
X7705345d3d9843faab494c3b8319a90a	3.04235932713743	2.82418296621256	0.0326965152347505	2.43127471720952	0.743411345035547
X051ff3f6fc50a9899007b53b374ff36b	3.64608939854795	0.976195026916808	1.41739778887435	3.37867894221735	0.889637758480796
Xf00ad8a7026f9f410e9a4391d1787f46	2.66733438135739	2.13489107561215	0.0300000532080492	4.09595893872703	0.31056468030875
X046d63897cffd07093069e1986db4014	3.18401319335033	1.27137777847669	0.912691841764398	2.86737425292055	1.96626626062567
X52d32af145d65a9fd0a8f433dce1baa0	2.76830343504344	0.753900633132673	2.99458369772183	2.524212403521	2.36641878580638
X872dded2f52f2be7d52eb034e273aba4	0.820840661920395	4.36608661602118	0.391753576178172	2.95215140957314	0.244770862848867
X5baf5f197178a266431ca78d774ff73b	2.3467972278296	1.82154853640056	0.741871298201242	3.20165479189058	2.45556938125372
X16772d239c75dacdd83f312235b63536	0.72170328001779	2.34198939513247	3.74081667114338	3.38717016424364	0.006896225964617
Xc59f11474e4e288c94b16010682b8f96	0.366393794879341	5.08833379555209	0.0104954448251036	0.295155546383316	3.01189925677516
X8bbe55f701b2cb1741c3c8d3fc3e5f6f	1.16917929885764	4.12334319431216	0.00779506942575139	0.545201705266334	3.73863923467391
Xa755249e1936fab43234f6197f086d49	2.70069902676593	1.98382633964205	0.98103637085584	1.27514760827777	3.40121804756261
Xd9e044356ada439e9bb8b532db358d22	1.71173105333807	1.28467844155272	2.52299048385091	3.6276010714683	1.57565401258987
X142598966b9c6f373bd9f077689c67d8	1.91171328396491	0.541473870980392	2.87923740364445	4.82262264968875	0.950210903647883
X680a33183fd78f2b9a08c97342f7a9b0	2.52324985709116	3.08032094434465	0.778834785102354	1.59403671839117	1.85663250201006
X185c844f7285ea8ae7eff4047bf8e2e8	3.24966867278728	1.45004601620215	1.60648638736994	2.06043662467577	1.70748615268028
X09a4c5313418bc448fa16ba847012a9d	3.78363654621243	0.815836781955266	1.67479741220202	3.30374237244154	0.711671925702552
X5f6d56c13a1a7968d5c20cf44c9ed3d9	1.32986107199104	0.649558755645707	4.92162667849187	1.81730914789473	3.44785473010981
Xeea47674d745fb638f7ed5d517b8e220	2.59610981374622	1.6301286342517	0.270505919892	4.1680888393624	1.68955665665374
Xf8574b7124f7a3b9e886350b171a85ba	3.70860010803487	1.22326047658667	0.034691477351697	3.54161598350658	1.61884943303703
X5de3a983edc9aa39a8a090196504d7f1	2.73314475696681	1.72881102316271	0.795335594909056	3.11999378872029	1.82427103772404
X40e911a28e5b04b44b080cc04a5fd654	1.98067241784045	4.72001811134039	0.0115845135463231	0.000536308453247848	0.673517543992307
Xe1b0f87c25889df31bc0fe76a68853b6	3.44048249830313	0.0272589826097225	5.84190749489831	1.31790966935987	1.38740614003145
X4c8bc6afa4b41d21c24cbd1f6acbf449	2.76554636806178	1.36122051468483	3.42198396635861	2.58171929318427	0.000158245199263898
Xcb607df67dd6bb88c5aae2ff65c485ee	3.65845602385136	0.797248689694663	1.66114055548593	4.22608723636827	0.0149291599887944
X09dfa3b617b555a9df17e99b40f9db89	1.6379528809183	1.91679094982502	1.93607500725529	2.83092620015152	2.22129079630393
X272fccee2682565378fb775496b50155	1.94483128485896	0.00718764414672507	6.18289153569738	3.14166438142066	1.23824200916498
X9b233d12051942da673360eae83092bb	2.44079947225428	1.58621669915365	0.553374160701518	4.7655954314695	0.594309340103989
X204ddf78ad407b33588fa54b11ec93fe	1.66098371151196	4.01963927950119	0.421337437573864	0.00364471702731904	3.05630417523868
X4c53ca0da8a337cc85f13c6beee2f35c	2.73827058600845	1.10197656944318	2.65852018631728	2.55975581524176	1.73677592889229
Xa52b10d9515b8daf85f93fc3df9c321a	1.66039984123695	3.1632145127872	1.49579214705508	0.0559733462654415	3.96333368026778
X1282a363cb519143621bb786e756e788	3.18322348063768	1.3717583261675	0.678526890173477	3.40051218044474	1.76442774777989
X0266eeade6ca63ad927d85117f882655	1.5612967143449	2.80447823438846	2.49885674480723	0.495388614886478	2.82786207425361
X2b5f3fd2a90978b344fec39d51c54017	2.01847149702221	1.72791014209998	2.34938205126233	3.5184279459218	0.767589282011202
Xfa9dc94d5b73817daa418a97c1645c1a	2.12976742033356	2.81315275241125	0.00391008944252602	2.94255168249033	1.46071195483583
Xbb15b2459d7bf3d5515151f9de1e9756	1.80636474867572	2.5585276280621	1.08750357226425	3.73288819602764	0.355246647294758
Xbd1ed66c2fd724c85f233574a890149d	1.40810349486257	2.35216666924897	2.30477926222725	3.67636258416941	0.197780558134868
X8224b875993f51494672ed5edf92ea3c	4.42166629284782	0.965980785089935	0.789597091266381	1.94311707586116	2.23284522106042
Xc4b7b0ee94a4981e06e6d598a29bff57	3.45049798342225	2.59799716525633	0.120281575856791	2.2823813983193	0.986600822052779
X554f7b5a74e90e51d22efb03b2581225	2.8381998074149	1.65904034313262	0.940122938539223	1.88048789152988	3.57667822277611
X40f0e24dd55565b8fabafb2e09eb6526	2.30687531518768	3.74715161631519	0.0182950069978812	2.19541420292703	0.269460098958286
X578b112acdb7a280ee7a333abf958899	3.16027410303466	3.20063056351599	0.713136598981819	0.172094516145836	2.54554051373391
Xa05d7892b8a58c890541ef76171d8139	2.55371854331948	2.67627090210085	0.135637777476613	3.27610878651948	0.712843606599617
Xd8a98f3c034a61b3e4cd919898417385	1.78533987305314	4.76702731031967	0.0205258805875786	0.0250413899901674	2.3156679073829
Xc188b96b05bf78247e14a26fb7231ec3	3.93290703630206	1.22398163976372	0.737348790505718	2.18942886983448	2.00718410040168
X956b58c9f3bc9154ebccad2ff4dad365	0.0206747531242328	6.97220120574651	0.589740528025455	0.0157803675000113	0.000450024669632505
X5f162dc7790e03b002ba75d5db05e0a9	2.57467483966655	1.59168209619053	2.11609620852436	2.05665848060742	2.39060275580847
Xee16677b2ffe9e0e7d96098fa2c24767	2.54717125127495	4.08706012421804	0.304595609624266	0.00203531863251441	2.24506817341343
Xa90a3aa39f672f2756323d3c2217e355	0.677061322760156	2.4214072807835	2.61347041532494	3.74998591641248	0.457228764752788
X5e3f9f5f902b6fa7420fac1e04a2559c	2.51001751377165	0.105023927958148	5.45137312022086	1.6336540493605	2.02272356972618
Xd39e67062f2c834c707b85a43e564cd4	3.21994506414494	2.36236233836833	0.154153764276512	2.01717658110354	2.0869068842253
X54dd7db38d84c7317ac97ea0525ea9f8	4.99714805467191	0.905515292033628	1.73378397666876	0.961914452482053	1.67001280491676
Xf1ffe6ffb2047ae25a3a9938406edb89	1.63170310885311	3.0504090074514	0.256802587870553	3.47328262959227	0.850857755940145
X490b3aaf0b34d71712e894ca670bff00	2.04905353894178	2.33277969098123	0.0473102127117868	0.70069396628841	2.22252028896341
X0ab7ff33e9730deabcef80d2cc91f9ed	2.14194675362836	4.05716374899993	0.00253770421375839	2.08495715850319	0.718770288748863
Xc24c2d5c9e3fbe370b73035d1fe213ed	1.4200782537305	4.74054241911145	0.0637916708487936	1.6320572035192	0.739863674986668
Xdf88f47459cd3df812fb7460a83728da	1.60983166857502	2.48150073964669	0.875122116080437	3.60248232324132	1.07947661202782
X502dfff1180e1952d964196c8493633b	0.735833822334803	3.38872494707382	0.778475960825221	4.02844249026299	0.000160307561313702
X607e127bc3f0f2741a16db6f4d381a3b	2.81082778086488	1.07145392494144	2.22079193868292	2.90747678077138	2.16179481824352
X84e83abd42afb7a8f9e890db309e939a	0.174475466385833	4.23411477207336	0.344817715050412	3.15660961532232	1.26507432744925
Xcac44b421f2becc20ee74493b10ee0b7	1.9276639858165	1.58077123245304	1.47656265398914	1.32255970424337	4.39931680819346
X46c3c80adf66dc80a778498311a1fac6	2.98449051312488	1.52387507446465	1.469530194407	1.1658403388169	3.66308635637614
Xccb12de1235ae5fbeced36bc8d13e7e7	4.14793338642623	0.26188478945613	1.34198225279046	3.32498325877208	1.83409047019393
Xc0183c37a6bb780e64db1e0c9e3fa76f	1.721494917129	3.29383818496789	0.245188735394266	2.61246321967185	1.49574471516486
X5249c43c8376ddd9ea109e43669e06e0	1.36792490774139	3.91221487950317	0.874148210902049	0.52598024589398	3.19756230742969
X65ab81a70a3884a528b4e080a7dda7a8	2.5134360291709	3.47472994314004	0.00701738042682803	2.2378089691851	0.395717228879524
X0099d88de74c5734bc0323e6c531ce9b	2.45452831032511	1.83183483631348	0.913226503321495	2.56023133202048	2.84290597003207
X4188bd9ad1e2c2f2d6a429c29ec28532	2.13255767984941	3.94347021047545	0.0294249991007603	0.575539566948257	2.65941675596136
X1096a9d28ca7950724a896867e729133	6.77618208068485e-06	2.70575449954979	4.65170311458081	0.568690352014809	2.67199357029572
X298d47047ef997bfd4c253dca2cc0588	1.64070880790061	1.21070167655179	1.76910913152502	2.64414750433704	3.97731724313762
X2202ed712481940f934cfb5812b743f3	0.316802622348486	2.96299519420927	4.94516527866702	1.25597123680759	1.25539007142779
X1bdeccb61df1623412271e05874b0094	0.557786500883967	4.6387664628259	0.832649890497143	0.00306467166583245	3.22966001406663
Xfb9f7ca2d7daad69473b1192db1d7c30	1.81768640096335	3.51263202295754	0.00809742067243696	2.59996160825167	1.40631297635426
X0d5f6c7702aa2126719f1449869cb871	0.485084229019635	2.44261023378299	1.41607210657965	2.93518639368186	2.78167994560185
X7633ae66d8c814f618ccf6a136fcb5d5	3.06497421541004	0.559852383293361	2.53230754507357	2.67062333973937	2.40548446390016
Xe8e5271bc8c846a413d8a8738f7305c5	1.6679107585734	4.38822852214226	0.00697829871280854	1.9466121630905	0.694693431422443
Xedf05e441e14f691663cd2d1807276b4	1.14764482307805	4.28860507939687	0.572450362471825	2.45630867999919	0.00017931762602252
X54d26518c4a4300bbefa41c5a25040ec	1.87513006574449	5.08664679482942	0.0166789168880827	0.080250100353462	0.148250094208349
Xf248a96e9f28c80844e8c27fc86d3e4d	0.910963614752958	3.16413550730284	2.13364682993197	2.1437368332275	1.76725216323698
X942564e2e36dccdd3abc6e3da165c8c6	2.07702003258292	3.06400732757881	0.0100039677853726	1.65262269089411	3.10396329016475
Xb062ce653c73b5ff8a3ed1b0f3534651	1.85241008729873	1.16415275482538	3.69297285658927	3.47313572020312	0.561102080107538
X62b6c7739d9d7e6d52985b4c46c4d00a	2.10692344526267	1.02383708299828	3.79749518080912	2.98389653407746	0.176433713603907
Xd25d93b78bd1e0867aad1aab4ff01342	0.755000379658751	3.7129067488289	0.0457685563978435	1.31204936688732	3.5402087116082
X8e1ad2854c3bea90f66eef338b4f813f	2.59632764243495	1.2891389714405	3.87235641408139	4.0197805776072e-06	3.22015784261186
X287b3d4433b74e09d38721f8c403f553	2.94808277801749	2.44372064876762	0.178494967084245	2.80852211663382	0.905204189766457
X2120e95574229d89ab8e6890708ae502	1.86450729985493	2.35739648079164	1.98523631035023	3.43725608889406	0.129999660636559
Xd96588b7afb60fd88370d1f48bc427aa	2.37523975776594	1.50167888209889	1.78931669549537	2.90946002196997	2.24126730618758
X5a425ff0c21242dd543426597208a950	1.99074817204532	2.99410530824709	0.00356449829212326	3.05906224715251	1.00784636507343
Xc69e258f8fe7aab43915d72d4842bfd5	3.35646646979372	0.780766466639736	4.09164474259067	5.61553553033246e-05	2.98958801919209
Xd77c1f9d62e12082abb31e74d3c8d6df	2.19975170724831	3.6961879450121	0.0329529758253759	2.5476736394315	0.32036761843583
X01b45623e3bb135c0446448c619c9e45	2.33467832488045	0.00179544126730997	6.13042918557625	3.17520723437147	0.523487298534776
X64a237d7f7f6096638bfab20b7a0975b	3.00180897086977	2.31721589497898	0.656930233491163	2.4931732806182	1.71827151530386
Xd15a6cf4a5cb803bad1e1018c3860868	5.73022258479258e-06	3.85995965676464	3.75509395730314	0.883454684944462	1.12557759875113
X2d32545eaa2458ef0fb3f49222cf988a	3.13946326569744	2.06124242138836	0.516227357288285	3.64945616306228	0.457405865898371
Xa7b387551de3ed990e8439c16b16e051	1.62598920640896	2.32981445354807	1.88984110945114	3.23322147420573	1.37574492135811
X69e3512f7d6ff609c8b727e541e22187	2.40068462277303	2.03302622480275	0.762614836575089	4.12198243502686	0.0141947746026366
X3e72c667849f46d12575de2c8fe1b73f	2.80572615978591	2.09629642633888	0.312345895870147	2.63587725974262	2.23058352931458
Xfa8012d58e6e95476342cc3e0d7eefa3	3.18631690381934	2.73697405651993	0.855244398593245	1.61113505821836	7.14445074121134e-06
Xaf2bc83e78148af5d2a4ac4796d4f654	4.7984825182153	1.57616125392947	0.0172278147872292	1.94004515552139	1.42242879366733
X2111fa69962467ac3774495b34549ca8	3.89982785731425	1.10520410026135	1.13767850764557	2.57690896698425	1.09001366249797
X5c8076eeca70f8a7c44e2a1693e31936	2.92506399227524	0.93397182298078	1.41371476485487	4.39256289942186	1.0980044400951
X6a727ed3fd694e28e7e3c8df3dea219b	2.1989899492443	2.90338150326636	0.00419989420838551	2.61236764032472	1.92442374313323
X499855b171ee5626422214dedd2abe64	1.75176871432773	5.23528461844824	0.00575121076427714	0.0907658814716976	1.50893362674543
X82e18c17d30609fcaef903843d59d791	0.482036348025883	3.63815479745026	0.114655436190544	1.3494151598298	3.89282843600026
X6304847204cc728b80efa8eb1290a69a	2.5028987744153	3.26815879585427	0.168195339003774	1.22032666229724	2.53278430581694
X556c48640c368af6f43a861cf738e3c9	4.25247235195629	1.23490972127427	0.0388837705097675	2.25386476172251	2.64757812703392
X75cfd69ff98e0fa2a5db8989e77a57a9	0.00894922283804042	6.11050730492565	2.03744510319704	0.0140722611909339	3.70803845090237e-08
Xdae1b2a0bb4d7a946c6090f4b63ff3cf	0.719935832726216	3.51861212382775	0.913183410113935	1.09713267526341	3.76603607765957
Xbe6871919074c89a4a134d2772f8b338	2.99136867454836	0.266732208296224	3.02180846396526	2.93811854599569	2.02991900713271
X983637d5ccdddf029d4f1858eaef9527	4.95683396488707	0.147824640992748	1.92214643670148	1.07790780716685	2.83774270293523
X3d0e882f5ba9d8cd36fb62661a9f2a3e	1.26169159518973	3.12887441251737	0.0124676307286048	3.35942304380156	1.34895937192534
X45b90f085077bf19a0687200420aad0a	0.997002254989539	3.78735835868585	0.427647281133676	3.54352818804071	0.124315287585325
Xd5eae02dd41ea80edd57dd47b9c6fe61	1.87162429320931	2.94558181590923	0.110860995873718	2.9688461463042	1.65389871418906
X171f97d4eec5de4815cf607897a88f0c	2.64207618515469	2.74077337222786	0.0123259192836443	3.1323060141824	0.665021604900903
X1dba533b49b13d3dce87dcb185810486	2.47886589368875	1.10652807309834	1.25181892844992	3.77291172086485	2.16402724030237
Xffe3f3ffcd97736a82990cc6f81078d3	2.34579137007979	3.31870707130143	0.151703244184827	0.591656193571367	3.33553275015043
Xabf7e93504cc2e54f324e7fd1e7c5ae3	1.94390527685541	3.2479596609603	0.594180034403788	1.43501394689529	2.50872981064344
Xa0b271c0bf7021d54e2423c6cafdf7de	4.52578063301449	0.284424070397823	1.69671996435582	2.3682988336699	2.03992013721801
Xe72293cda67b6d1dd148f3b67eaa122c	1.63066823143687	3.11257345099789	0.235600025962744	4.01944407563898	0.00156027474530763
X8052f165e6716be68da7dbcea1b38df3	1.4474730909867	3.40259888217274	1.18783110372455	2.74294775181506	0.361542917441587
Xf8b4c97e1b0ad388dbcc1389a8c917d1	1.86404162235654	3.76198309931549	0.00234551065121659	2.41285431218556	0.603070602711345
Xef9793fca0e9a13cc375c53500e2d988	0.00575040603550843	0.988785314895708	8.72126138997065	0.744820830407055	2.02725142230872
X1fe6a3a7f298df27824af9fb32a1f415	3.17282364883799	3.09892504622064	0.536715410075358	0.382915455998558	2.49650894229786
X00892b2a96088ee5a09b881368c01fda	2.9748584650751	1.71121446943694	0.198055756551704	3.04737207474385	2.3438750353006
Xc75f6b721a01befb3490288c36184505	0.405549698965348	2.27039386154632	2.23437020545822	3.12590915109566	2.47365171511256
X4fa8e3d17fe0614389e39cf8cfcadbc7	3.77810665743381	1.25839185165245	0.0103446340732617	3.15410125364985	2.0151426702021
X0ad83b437ca02c81ce96b41431f58eec	1.36993246247273	1.38485049396437	4.60466508883401	2.79362319709316	1.34903560135866
Xc64192030a61c841728f4019d85f9c8d	4.66815721865807	0.000529900866511401	2.28051430439869	3.48939860037607	0.00206878410135855
Xa9b94b18beed8e4ee8bf626c2f41e756	2.75898274816406	4.33038293338551	0.0191236193229474	0.000351041537279633	0.00711394790019645
Xc9ec93cdf458fbc79be404feb57bb494	4.4941683643023	2.18299597131085	0.439144102992313	1.39979081365885	0.823468197112783
Xce364e38e480eafe53540bf89440fe06	2.2672902002118	2.67618329602879	2.29404441154038	1.55198673696725	1.13408676238335
X2db4e193504ffaff309e95893fb2466e	4.48619890809084	0.46799620387852	1.79772038766776	1.99558631577746	2.0607050366978
Xc5bda5244ebc014a1e9b8ec3b82ff609	0.986180491515274	3.34785659132771	0.140169493314677	3.3714750726585	0.978030892204199
X8a140e4066fb9259506e894e021e10b9	0.839581923519933	3.21531751838478	1.06004179773587	3.10644610708306	0.0529588728150537
X5450a2f44a83967cee81bf8e9599ae30	0.73519438757106	3.3554504366991	0.0757716770052005	4.47196273158047	0.0171530231961562
X32be66e8f559cffac728b3bc63ddeab7	2.52562867934275	4.43375979800658	0.0101158843189124	0.0172858621219996	2.06155846495704
X38fdaad447be4708ecd1a3b2ac1b7885	0.937738581644618	1.46847056451805	4.16726040651303	3.3557000734036	1.34153610802815
X571642d8d7710a3dee6da58737ae279d	3.57281589232011	0.838655528122298	0.827655535636774	3.89739822521806	1.20376403869963
X3f1980268b36d427000556736ffe5ca0	3.0342126541213	3.47058901653573	0.0153030064884347	1.62048918322982	1.08402423139333
X3f3a813569b26faf2170ec083721b75b	2.09142520928382	4.52280514611229	0.0950672132411798	1.41915898770403	0.899055806976929
Xf820ea17f0159aa56af9c0d10f5c329b	1.09304790757625	4.04700663455433	0.0110120854422235	1.81008025416786	2.05081299573141
X3080ff5d464ab4f495f18195a79efec3	2.1006658327836	1.90009133918254	1.50182587084786	1.71283452159653	3.32285531837505
Xe3eac6c3ae811b0f2d329190bcc32bfb	1.55646159695761	3.00511224165516	2.55175879553662	2.15612915197826	0.0945419191890998
X8c0e6d6daa5b513664fa5cb50f241ae5	3.30773076490414	0.0557214110950006	5.9000639293602	0.21611825605261	3.23035627379536
X37c71ecb5064264c046feb617faba578	2.57622913005809	1.7603925764376	0.410152220175363	3.80630628825773	1.74135093779135
X2670ad3a317ed910833dfdd6c8cd31a2	1.37105429110984	2.6897156280782	2.49256615468207	3.03924774819853	0.0191033672888452
X41adc178a0c91e8182417308a2ead0af	2.99687127295404e-06	2.21269027968311e-06	8.04795938441497	0.679206882574579	4.94194005448683
Xbfc724a75b2df0ca789d38c68601577b	0.691040879270394	0.933996355270741	7.30217430949474	0.952286723078208	2.27280136758707
X94aa5f458f7a31eb62a73261193902c3	1.67297443438994	3.78127991797001	0.0133659874881169	2.49329417248372	0.765128857311648
X869639c8cf3ec578813dc01d0be68693	1.64395868895917	3.46564069674248	0.0379254389272219	1.72980334473703	2.67713122199474
X576a2127247e20df85ed680ced8925f3	0.960674004552699	2.20506678681925	1.28062014544829	2.94526489809477	2.96815739790359
Xdb0d336db224827a56359f1b1ea13654	2.9243266538717	1.36284413297488	0.945033384471428	1.53192945859359	3.84768189777671
X3e5badf09c1f168d8e19efc1ebb54260	2.28625889056468	2.78107439972473	0.82062087097265	2.58702795466233	1.0142903156055
X14bb75459fb5c1a32548e228da504349	3.37247172440487	2.35985831388927	0.0192327745390857	1.84174482013035	2.22252668001158
X7d4bc3496949fda54a71b36fdb6ce5fb	1.94353577357641	4.11060262393026	0.165355161246921	2.50537766734729	0.0624625596862529
Xb847a6787ab5c7701c641462787e3ac0	3.33240740806259	0.96859297737794	0.989137191479595	2.73209336641213	2.76182774002097
X3cad782b3b82b0a0decac662d2c23ffc	1.08744748516325	9.11575840350734e-06	7.32030329459191	1.45044864494405	3.07971664864595
X8cc1da58e4181fe5bc06b8bf8d61319a	1.76163613761484	2.69870536464456	0.109142722430525	3.0371593230729	1.75197199937772
X4e87ea75ef4ec88b310fadbe64482350	2.37461997377296	0.490516888407934	3.73390839601778	2.16574578348442	2.9458689429188
X53eba04ff3a0b1e2e6bda5cc55bab6b4	2.21019039956208	1.6129842443181	1.16479906072747	3.24572500922784	2.27292169578465
X48e13f7e3294458f4ec622516f632d11	2.89045554890956	3.13851691184395	0.00135440426013892	1.53843432749567	1.96799127930462
X4c5d2d4d935901608238afa354af9e31	0.75960150966123	3.5079996455755	0.0706766494467483	2.9104666419242	2.17479976801957
Xeb02b03986fb165db0918e780f07686a	1.72697906950145	2.63418846647944	0.30210499340179	2.76511438117469	2.43548478495728
Xc38497606b7996fc037b818f4e18d2e5	2.34753583144534	2.48319563592374	1.31477658829903	1.63540730784305	2.50489336895328
Xed91741e1dcf7f5d6daa5266d106db68	0.76312630594301	4.86850424806083	0.751144094957345	1.313177298507	0.0341350839235379
X4e0cabea7a8fc8b2f393af82854d435e	2.51635168598571	2.24437721674185	0.135544967012104	3.45856238436752	1.32364070026598
X2653cf815108af994cd80e56b46c6b66	2.70565170854454	1.64082335916531	0.384443797938682	2.04758335431611	3.996467506554
Xe0b1d98af1a2051f94a80e6d25ac90f3	2.76390975797269	1.86771181378467	1.41426133371988	2.17430062457619	2.26718851674451
X31fa1e19b01dc9f394e3137d9233ac7f	0.69367992682892	5.03537292885715	0.0480773633710549	0.0103531602682612	3.29195456535607
X0f3ebb55cb792f27d6b89dfadc958636	0.693722483152763	2.8374174958103	0.406986210887201	2.73486877281246	3.1693602729288
Xcc33070c83d7aee7287a6b209863d68b	2.00790846270287	3.43479791930133	1.62489913684752	0.661210547803229	2.14900343431517
Xe3f5aefef52a59a32a563f27080f7718	1.85765548100514	4.113339537834	0.70051477156506	0.325280676102827	2.36367099039586
Xb77bf2b3a4da17962117b81d2daf46a2	1.58755162499897	4.06560415602724	0.00836436745103594	2.64596720600118	0.395852557297105
Xc89fc7348dd8c1385404fc2e54eb5dc8	1.43759055937159	3.15722069119754	0.315187582438528	2.60559672223658	2.12849028655961
X76ebb83ce08b46b79c0ac9188be50566	0.555060919213324	2.57555846957914	1.40880424400924	5.32900004123589	0.127284819845861
X72d1be50f12b9e7518b7dee51a59d13d	4.31172965290672	0.807344359536116	0.411822205500003	2.65954697852383	1.982601917027
X6348fa126256a61bee9a1ba9f1dfc580	0.367697030990253	5.71789224698232	0.43933364079249	1.39903122776242	0.439183479485113
X5e1d0f6c1f49464de96f31fe97563788	0.779151686491535	4.12819871393833	2.39950239966083	1.28253792892579	0.837690709956369
X0ccea5ff3169707a9e21cdac6235c894	1.47344505695821	3.63602409934995	2.73370658463767	1.27773744145257	0.283442957508206
X6850853871fe7de4824940eb9c36bbd8	1.7133816915646	2.55328069819228	1.68278282131793	2.78162139433963	0.864877925864829
X72fb0792922d23f91b76941c00fae64a	1.59325708938052	2.07932644445037	1.79342644412182	2.41878865662925	2.010635380682
X5407d51e6a1cd375921bc54e8e0007b7	1.8160734080912	4.15369160825524	0.00224633704225539	0.477039410244449	2.96396806977368
X461c081c2c3c0af3a9064fe5bc520214	2.4517889457449	0.888580632104059	3.42556865415684	2.54749136618119	2.41282866881093
X20d133389892a705133675d732b26222	0.0195630001984415	5.01203254912772	0.0369515098932695	0.909719711570534	2.25852927560201
Xa5a89e3b494c89531b85775c39b079bc	1.74650519455599	0.566503044880722	8.14780391480724	1.50149258915849	0.173427249205112
Xee20a06333f572a12339eb1f7194201d	2.5318796653007	3.98931165774192	0.0738716211581674	1.47107038901451	0.878708203209152
Xd0a1c785570866e67fda7b0c34acfd22	1.87232176048009	3.38239974461336	0.00477452329473848	2.16472732832621	1.88172062944538
Xe33838348374cf6c65cb5a6baa2b4c4b	3.04747007774997	3.07862121311639	0.437440881783118	0.489082830351314	2.41790816436678
X2aa31f4365d2e06f42bc23886ce71799	2.28163135267625	3.80013860819468	0.432942137399764	0.0310907383286979	3.16922188972882
X805f226a799d96e3e9e9511d5bd6202e	2.94717734899311	2.01842220961735	0.108201935089578	2.66635557181926	2.26653534022968
Xc646bb117ef7c10a0088395cac42ce55	2.29359217938223	2.34754834287384	0.622051893843737	1.34867943938666	3.8109916607067
X1faafa1d86ddce2725e2603243a8c37e	1.22864854982734	4.75465397785639	0.0104359789791945	0.0076892431212645	3.03137158768036
Xd8f6729e866977119d019d4300085941	1.26631906915907	2.80035926967885	0.227102141265284	2.57502409812126	3.03292499243283
Xd526d42acae6d1b12f5e30487a55e78d	1.48576413536713	2.94611530285571	0.0141445460708862	1.52520132024264	3.98195463373633
Xa287e74d0c158f8cbd802441931ecc07	3.54105767999546	4.32114588355303	0.262707002249296	0.00180173289883684	0.324157174114554
Xd49b5e8094b1d830ee7c6da8f19fe307	0.544580130102053	4.86834715560679	0.682771158137246	2.56796533110283	0.0154196617391597
X398c18c873a0a6fed544ad1036ee9c5d	2.12323779000205	2.62132377165072	0.0173954013496787	0.316140769264044	4.75343260008396
Xc47444ad611f007560f0c1a76a2e7136	2.25237106388107	2.67207317068302	0.120636793002933	2.24699229124447	2.47368798759825
Xa3f38659711e7c28cb5e1ad6d4057479	1.19607952885863	3.45265085553678	0.0105646700479557	2.48814412663358	2.32356146452897
Xd49637e55ceb4ffe81743fbe5ed0adee	1.16010176310786	2.23897288275547	1.87413525534558	3.24091929063847	1.76915583848321
X64de93bb26f4887edaf9e2a0dec979ce	1.14718663602574	2.03354642452506	3.4940900128418	2.3401688992659	1.69056058696162
X80dd6edb18c222882a5790ea6cab9382	1.28326217660655	2.715518575309	2.36052156436023	3.10736247877378	0.653796634587241
Xe495d4d58d8a6ac92ad28d75abfa99ea	1.78316713262413	1.23552154558357	2.89597719431478	2.63302658953612	2.91954255246819
X607e71afdc7087fd9311b272eab73044	0.0581040447991212	4.64282369033952	0.533116347364314	0.33716912031469	3.38536210588976
X8705f785a45ba82a0bef7f7de48ac9dc	1.25986969425673	1.94103371186905	1.71492480168884	3.1293240284586	2.75267689182128
X65267ab96e97ada6d44778c6bca9c9e8	1.61683014871547	3.30927496734919	0.816559910751795	1.94730095976301	1.58102660543429
Xe8558ecb11f1d75b941f56982a68ba5e	1.99133593509165	1.06474974967511	3.47675555764716	2.2866457242316	2.52363557000118
X641dbbe575a5f9409b270bd86a815b1d	0.859384616116412	3.94567617530587	3.32006030780896	0.458015948786098	0.641332547655536
Xa7c0e70ae013f1426d039bd66de57f08	4.75241141914263	1.01855626195314	1.24229779359158	1.55125924894287	0.686593520441223
Xed99414f95c227f254fb0000c7ccc6cf	4.47649913143233	2.09874511463929	0.0120682098110798	1.8405484325036	0.470749841644122
Xf339ed9120803df547c528b253ddca06	0.693765503187015	3.96242552026366	2.15822111438969	0.515388905344121	2.11751170940261
X6f4df463288b75e2feafcdbdf0a30299	2.79252559505407	1.27581672796	1.61821174992283	1.11360749311594	3.71727353893801
X1d7f4d3ed5e4fa978c54baff3e53cdbf	3.07578538409561	0.73144771051549	0.0989090039677962	2.88099932324273	4.28103327273034
X490c18e70438680918d3ff4b611c6a0a	2.28797493238567	0.239577253933711	5.38499853131204	3.09545617555279	6.16248552288521e-06
X59b82f0ea6ca1faa0dc5ff2f15111ff8	2.05442107275758	2.43578066285225	0.4150027508171	2.7130968915258	2.29104097598477
X10130b561ceb11a8156178cc262a4103	2.22824349768654	2.65002410450104	2.22874707387102	0.580224059683905	2.89836388883206
X76ac22987ded8959b45ee5e35375195f	3.33864369024256	2.26883175764969	0.379498089906966	3.40628264838811	0.109847130424282
X08bfc83017b14d6fa292cd9ac8bd7385	3.0233322483808	2.421106513414	0.925405470667175	2.12346455336571	1.21865494817357
X46a41725b121bf202d07031f3df99bf7	2.06012319585252	4.76363095665524	0.0225885576171268	0.669967797882217	1.28748740909619
Xd26a56af9e989bd7a353d2c65db6fd51	1.96136673211248	0.931519051771547	3.3387992937835	1.36087438065422	4.44701228796668
Xe8861b1bdcca5b3576f25986bd4e91df	1.9318030961314	2.23518826346161	1.39436220965122	2.9214363412169	1.60645408972121
Xfdb742505b30978af60b426c93a32f9e	3.36997082069439	1.51593303500824	0.2237671018679	3.05434982768917	1.42260448423161
X864e74fbe9ad79a4d7f9bd091ed43a5c	3.63466098416006	0.0472884840877207	3.92945418571017	1.87915506298169	1.82244901489489
X5ff923bba9daefad54e8f268b0809fff	1.7150147432958	1.12806205613102	4.9037491425011	0.0035830341432173	3.46604807176823
X33ba1e8c2ebd0601d58598d409bbce02	2.22391958042589	2.90131137256043	0.560083225648334	1.72756768198921	1.92265738407929
Xc04593b83b1751a2dd66ab95b283762f	2.59122919519285	2.48431944664233	0.00598095432543515	3.8108799950827	0.734188879303306
X0391e4d27df3045469a1d1b9229eaca1	1.86040051584585	2.52695585966198	0.461729249668208	3.32710515313291	1.78874924202802
X7d786118a14bb08daf7b5cad85f27371	3.43739874125325	1.38719986177413	2.53459731884943	2.21437415639891	0.791965878699487
Xc34326aa3930cff64eb1b7d41a118de6	3.91774952911097	2.39115891424794	0.00907816452480729	1.20044832424893	2.23161820640142
X00f9c65e32de1453c94e179f97f944d8	3.0845489293103	2.54485520932575	0.032840550129984	2.28706521730936	1.75699103277331
X193f7ec30727febd61c08d29f0af0ba7	3.23784744793285	0.962140195592214	0.905235780740643	3.8482046664486	1.58258429722349
Xbd32d5ec6f302b0dd3ef0b0231735cfc	2.50713233102578	2.23695519975782	1.64936573289302	2.27234287484688	1.21515344923765
X4f91a5db5911b40d50c2cc4a5859c5cd	3.49203006244384	3.28312095561122	1.12440137858112	0.104541030648007	1.07730633206849
X1802823414b9dca9c0f602e38ce895cb	2.92383861390837	1.78147432229915	2.07452140309068	1.79139085338345	1.68104400570825
X7aab63b81cbca980182499c88a292852	2.99246280166082	1.59245605762903	0.0431465115445611	2.91747461821801	2.08940023636159
Xbcad6ee2a417feef84e852817756b192	1.94532974719903	0.378201270441215	4.40746753473558	4.31474095538434	0.801048073873291
X1e10d10c2195f4d70c9ffd2ed3a719f8	0.0640002477353465	1.29482752436816	9.12170640786333	0.00655365397286832	1.83760000452131
Xeeaf49ce11a583158224e2bedccb0483	2.86958199123579	0.0331351367521382	4.61704945845063	2.04370911838856	2.53879896775319
Xddfb6783c289302f8084934a25584284	2.84348448582022	1.0055685443669	1.15412069352665	3.10617305232478	2.67321525765271
Xd1096f586abee776522c0b579dc5c77e	2.38737665397645	2.87889655781197	0.195799375113698	0.962622438958778	3.84384977782128
X7a6b12f051db97d098b41ff41218419b	2.43270296182706	2.24491221969342	0.316096143317665	3.27560659141593	1.41947053170827
X7903b560c4fa52ba0200b068191bb1cd	2.38826812275792	0.55455645409008	3.27761984998218	2.43575169330235	2.96810983125682
X1b563e8c2c774da58f0ef669a2250dac	2.51713349052185	2.17196121167934	1.26696304243514	2.33995799441324	1.81564847467318
X3d46f788eb25894e1eb4b8159ecdf725	3.35414749438644	3.66544434405756	1.08632762849912	0.000570270888863355	5.66300456271123e-06
Xafff67ec9f0a450fcca0a36d7abd2a58	1.72637454519908	1.98188526977255	1.65111026585901	3.53988838769996	1.4460312709132
X6e6f5c96d10dfa96418a6e67218cb9b7	1.44983213608547	4.1603083066044	0.00260288803341049	2.58627567584209	0.584751928481542
X75528f585fc35a72c1f7b575cc390ee2	1.6585659976221	0.854611664268212	5.07236414221467	1.69717702486879	2.2113137454345
X03016c67e1946ae7308df16f53345cfa	0.982003534814392	3.72571988262319	0.124722782688473	1.96606916104653	2.65134997335063
Xbdfa6222382f82a7f9b125c93057cc7b	2.12839447240689	2.52086134089572	1.2722558704092	2.08477935466195	1.7402104359898
Xf701105a0919e5779993cf68c6ffbc2f	2.40413905289381	3.36149819980493	0.00334314890503544	2.38486596730271	0.860192710339093
Xcaf75e13d2effba7208a0e31f770ba1a	1.48019613690133	1.23191951109859	6.90680510506081	3.22920772632045e-06	2.53619831771029
X1ba52a7abc319889dca25ff07f0b3415	1.92156753870738	3.74669395881494	1.89565288465074	1.28979234443424	0.0743293123984437
Xd08176f366ce640169b7758844c0bbfe	4.45081144164462	1.20636830257951	0.0261645069839146	2.89298242256329	0.00916162282850439
Xc38a7929f06b5f518c563f80152a25be	5.87619575388726	0.303966168116462	2.5011157173124	0.873514570612215	0.630983629614779
X958ebbaef76f179c25a4b8a2dd03919f	2.50871531664792	3.03892125931039	0.57479455841729	2.51964610649548	0.898255804986077
X2c2ff92bdb686414aa7bed3fce8ae0e4	0.359408826405695	3.03923590891716	1.57149695234928	1.19967370096538	3.17184830889042
X5c5116e7958575e3f79c936efe1c57a9	3.52702350384918	0.809777352857708	1.77849822428365	1.31795614031374	3.65472142918413
Xd695bc17392990da03f89704a05de665	0.923578151354043	5.31989561086086	0.0203036855090013	1.5695211561208	0.00883300233411462
Xad0910eaf4bab626ae0dde5d6105c5b0	2.17695693540056	1.58666051526524	2.0272569034967	2.64576641483509	1.81572483991163
X8301d6fe44fd03cc1af1d730ae7938e0	2.47004580624062	4.96226203716656	0.0915444481113197	0.568009664375346	0.278182813221648
X7fce185da7ac24ba2e5cab56adf3a4b4	2.25112163569718	4.01262626704495	0.880930171504472	0.014249720931994	2.19452058553639
Xdb344673daa50c52bb374f4d04a405db	2.12282400833813	1.62640298494647	0.737034404106004	3.53303508848607	2.62013695299357
Xc8b258f1bece55ca2497e1e55ad7c280	3.12229768490562	0.715018017654534	1.50428296593576	2.95116624540624	2.81827213137171
X4ef84c59544ab1ec4571d9d3bc5bf20f	1.25550225198523	4.30942135493591	0.0042280045252192	2.98069326978171	0.0423692705667597
Xcb38f2905eeb732b3979a44c7c48cd52	1.29871907825839	2.64971778199113	0.0208929784982576	4.48680321346557	1.05249257301764
X700ca99e57d59839d99783a77cc12478	0.776152142896247	4.50576709115973	0.00291182858053819	2.51885280366125	1.05699655798343
X8e4df9019ca3ee5404c9476242ef30cd	2.34877431966274	2.22011469278545	0.312657202769778	3.31557395696786	1.71712380211591
Xe2365191520bb0c3c2fe29823c7ac4a8	1.04954330365425	4.63033800946579	0.00465636613408061	1.9531067716783	1.12242910618879
X0d6dc6f04227c9e2d68b1bd2cee57be7	0.366078930637806	3.22273708061131	1.93190360024753	2.86213141615777	1.61210889875469
X401be11fcf63b27f4108d070f0ff829e	1.66333168629042	5.14393562827563	0.0303147176405742	0.350721328177036	1.45503210876179
X5b66f583d957f8c8d608dc06bd9cb022	1.27494819987523	2.87192490819694	2.03858307704494	3.00279872613454	0.00254451871544257
Xac45c5f63593fb9b54d73e75ec6dca7b	2.90097494326626	2.82580719140087	0.0116431456341078	2.90876055142708	0.011653499256606
Xb7346b3bcdd53dc6b44090896d4b1e8e	3.09082672868963	1.24772740584746	1.42446491175971	2.45212241202985	2.56264389394042
Xec6d2ac4a9efeb327b23f4604d14de8d	2.45175113375655	2.61471926815666	0.0214417313559043	2.84869488201953	1.68595926291646
X2c91f66dca78e448a837b6254bb8e805	3.23340823884619	1.59745649258363	0.0273274235285309	4.0906185499211	0.830395934362486
X98c979b09eea41ffff563b4e906fe515	2.36942314566734	1.87465909852767	1.62560730808078	1.9967351500639	2.87383026981864
X399e52bf5620e856a190f0f002599eef	2.66638811858543	2.44143008915824	1.18334196518877	1.84233833455976	1.63221086039273
Xa3860b3957d9e15d05c4947503ea3c3a	2.43983168083649	3.0839515059481	0.928817655341422	0.514509611821939	2.67734058756774
X4b75915eb3afa63070a7ccb9ce18e3ef	2.66751854018215	2.1237282840925	0.425532615993979	3.39892454956417	1.09205947476792
X31a31f6f73350abb07e3ca22680fe24a	1.3601412193469	3.30220185724171	1.13570149528195	2.66078964144363	3.81637970662002e-08
Xb568ca553ada1a11e6e4283e2426a605	2.32123988636623	3.04458544823353	0.0776240520379345	3.03110757423993	0.671633650077282
X36d6f54c18a77130f8598458b0539ea2	1.51100593030254	4.50140503555803	0.217292547073116	1.08299881166771	1.51983075590845
Xc22352bcf84a24c5c7629686d3b31ca4	2.7933671678354	0.487153729894501	4.5753576553449	0.290107398120401	3.79275640231598
X10cac65fe934644120fb592381042cf1	1.54191459872834	3.2319716829787	0.00554962841201618	3.02236627688598	1.53667669512168
X16f59d5c4921b2ba45f007dabad3cbed	2.15171671091538	2.65609376317526	0.130093358901528	3.47887619538217	1.42534894624095
X6db065de288cb9dbb118cc972e93110a	5.16408426156774	1.38191488494104	0.00106051033639617	1.65827454940283	0.856129070179976
X593569c497e958a1d11e78c30aa495e1	1.15267673598081	2.62139600724721	2.77084655078171	2.49632594092141	0.90996834780914
X707562e580c4531bd64bdb40a77599f0	1.40977665779976	2.96607470241565	0.624049134204871	2.88469641226894	1.69486887233362
X8e828e2c0cf2d1a5a910a8b0fc286651	1.51141648445112	4.11604143561717	0.00150884527252749	1.59420725565294	1.84451732030961
Xd7996586134d83e7ec1fb0ef138a8681	2.77782673738688	1.42317574775113	0.812351503098534	2.36845850168676	2.96521309041392
X7c31805a23583362dc8ada543ae0bd69	2.69392760573235	3.03319667652098	0.178888397513094	1.13433208122791	2.81289378816879
X9718340b6883560b297085e4d4eae2c0	2.38421684657169	1.27541482393515	4.40711564019497	2.68967354236661	0.408357287000398
Xc8aab3f0a71859b744be62893ffbfc78	2.72070784863159	0.545269051326348	2.56411191937923	4.3234117266314	0.832056709399686
X8416e64212e80b7cd4da93491bccd1c2	2.94949682564237	1.09055517988683	3.42054089091061	2.24672165848525	1.03077149763798
X527f2aafe7403452b1f14607425ef28a	2.70713295698154	2.29389344978543	0.187076232495762	3.16233333891432	1.46286282176428
X1315562a66350bf6495683fbbd32d811	3.17512598399412	0.575972892791202	2.83318976516613	2.61188165959308	2.54406532541702
X7463814036931e491c4a97bf6135e87d	3.948054194338	0.0469483066431237	3.26009991035216	2.18821205896072	2.08748228428878
Xdc8850b7a6847a8b4e0302d3deb21746	2.37207273543185	3.36932250618889	0.00173298937950487	1.23189539378437	2.37649465438964
X5713a01986a6dad5bf423d25d7d78152	2.85936316325159	1.24353270610819	1.3107305570836	1.43815076940768	4.51630178521991
Xa50471a78f18e3f9fab10d9384a8422a	1.59506770940738	2.04409052506843	0.051003485598253	4.50510146712355	1.98674047681684
X3e50db01e03c1bc740cd746bcccf2dcd	4.77792672614101	0.625709314004461	1.46162295358175	2.9409406041872	0.563341415694219
X61a97d2741939f321db9d23e8ec3eb56	2.52469558734161	2.89058436366323	0.10400998417388	2.14657703292363	2.13245037776274
X26b8165c5fd1b2978e32af004874b1fc	2.73806255843851	1.52405826056871	1.09166069774044	4.45294815234191	0.00208657913069261
X132b491d0edd4e1494250a18a31d442f	4.48032677686021	0.999654945864099	0.224019521274711	2.18684266118056	1.78356958180926
X4617a52675559f7b992cf596a448804f	2.79134890182309	1.94268594061244	0.0201356853447099	3.78498440445657	0.80162172820815
Xcd7226eabfc7461ac437f800e24ad62d	2.64020549966924	0.482148384480757	2.81287249637106	4.6199363760515	0.777151029991689
X6f4813ac3666d0bcab8c61a8ac6bec57	4.56573349279201	0.172972143532217	1.78268576906812	4.81479563544416e-06	4.66685252945067
Xee4eaa5d3cc7dfb5f7a692bda987550e	1.47113144016243	2.7519193540345	0.127474402539612	3.49691345514827	1.41487264157684
X8c9cc36edfa940e108e6cb945f72fd5d	0.190170262533336	3.28044116820962	3.92185295668011	1.71852407211055	1.20527973415646
X22f627bf28a75b163bb5e63e7b57930f	1.55795776558052	2.6134767131695	2.0557181715782	1.04744081873012	3.46553347301029
X65641b34493702375ff43aa39037a3f6	1.98250883520619	3.6360830417567	0.00355678615166762	0.681906378134644	3.28023461173392
X5cb4498c894563eb4e95ed48fa91c130	4.1519706028685	0.895260742955904	2.10121205471797	3.25247873181475	1.55950721161806e-05
X36a5cb9019e6b2362a0135c1909a8570	2.69651987902789	1.79034773671047	0.73223953751354	2.43183940262414	2.77365568341289
X774bdabe56f84b6a22415df31683f23e	2.43311306985168	1.94441893603636	1.19443691906392	2.24331211247427	2.61103336471631
X3437bfdabe0e2ac65dd8374a5015bded	2.98922275817158	3.24458715074619	0.0801911555343255	0.235365135849963	2.17631337309336
X13181576c8d17b661499a05d62cc4355	1.72938983184388	2.4994596498631	0.761539694439751	3.45287805700267	1.22445153664649
Xebda0643a03f2b2a2bd5e31289d3364f	2.31399604420408	1.30090598897646	2.30441837402435	3.96396067842008	0.679351470329849
X8325a78d718bc670b1316f22f4e85e98	1.20724642231736	2.41998481734291	1.13744120258358	3.57618616439875	1.73932112571194
Xadf18fcf9785e2da066871172f96624a	2.2071534196164	2.35822666609074	0.277020535305994	4.02376340209467	0.144774370314271
Xd7a5110c1873d5a085abe247c80cfb2a	0.765696331421331	4.40960700307408	0.00243584771000781	2.16642004875706	1.73767834461869
Xcbdb3a4eba82ff552cf858d0d11a5947	1.36349499823816	1.58746656405734	4.13960068794673	2.04553784832628	1.6477409183789
Xed96e2beaf054995261dde46f7eb024f	2.45991167695819	2.15712618863205	0.00550989683472146	2.43612937062038	2.79066988530104
X26e514929c0ff7fae17a551d21ab46b5	4.62276205545405	1.88561737005466	0.00766085001333449	1.90228458455635	0.452858182316994
X535d3b099f0a293a5d6b4bbd7b0f0e77	3.68191518539369	0.746176235512983	0.0556444328756396	3.30406549350956	2.87229089509441
X4a8c1f735194d39e533317527bf027cd	2.88651157864392	0.379677844182218	2.08015530731333	5.08143527622127	0.0779083357118968
X1dde58fa912bb474be7e9bea10cdb6a0	0.747277720108527	3.72633942786773	0.00260581050859391	0.971464469588486	4.18591648203203
Xa8fc8e6f00eaf0bec86fe9ec2acb048c	2.56550598768647	2.37639405421678	1.30841252035239	1.22419278018709	2.79218584312917
Xd958f79f90ef2a70eaf9711208600728	1.6408776982777	2.08681858572572	2.69922933659015	3.21342963457428	0.552604834488173
X8d0423de9b5b093cd0f8a2c432c45122	1.83848657454415	1.05246739326885	5.6497410117817	0.00287190958610343	2.99612305367732
X56ba97ddae593a006b800fcb28bbecd4	1.28937228937832	4.7579588741918	0.00532750312139525	1.50618470224235	0.972802928352724
Xd38da66e6c76cebf440888b81e0bbbad	3.79373985188477	0.702057217716735	1.64702072493576	2.68797637201974	1.90793326752619
X974cd143fdd3a317f20044ea2cf0a5ce	0.00583885567897583	3.13963894278056	1.11385490514697	2.45113139935236	2.73852106442969
Xf9d1704261fa366e71727842483a4061	2.42467469869798	0.501830139415008	1.88127950026572	4.63664969095586	1.42243768372102
X5916efe7b832a74bf5742f96d188463d	0.99819046434724	3.01743396812364	3.25816282758826	2.26310954161616	0.409004328654347
Xdda232ea154ef4752c1210c4cf0bc8f2	1.23103112138076	3.93067833228492	0.633846216833575	2.89071452231774	0.109928485236892
X1960e9013b7333ec0441b7298f2ac085	2.39096259324405	2.26284902082865	1.15049082808174	3.17585589296509	0.970818780650662
X65379a04244f2cf660c1af93c36109e8	0.574689130667038	2.81570387756668	5.65122877869591	0.00830495079219944	1.58565628729033
X7d750305b45f45f2026be11e74fafcc5	2.45092518049976	1.64509542595774	1.37348716726193	4.16398325361664	0.497775991786077
X96bb5c571e081ceacfc6ecaef0f06eb4	2.97147218358896	1.22001676027113	1.55984665353006	2.90199597901909	2.43122620799037
Xb6b7cad566ae32216898aff50bbd861f	1.86691503355899	1.5776681230571	3.29298155780496	2.91007563471396	0.71868588068729
X823c84d42f579bb27c7602f09078d29e	1.3374813116152	3.01764887405395	0.841947118544196	4.15633534260936	0.637838492449188
X9d0c399b3ad78757f9188bd6aa785dc1	3.15960385305845	4.01009638104556	0.0543417998558454	0.701605440188452	0.0121570653717895
X9313a28c5ebcf8a326c4d9e965e31f84	2.28105373447783	2.35526885394453	0.0153193893750224	2.31692726087736	3.07162608176165
X55a61dec5a3418c9268f5f0e96db1aae	0.89192951662534	0.156282158046667	10.0340925378969	0.000350052684325404	2.1347379039897
Xafe1b6e1c8ed32897fe1ad56489df744	1.14043702251929	3.51262895405429	0.993205062416974	2.83133718863624	1.08260667704491
X931ae2ec7ce29c4bd4e00c0c31777813	0.375822341972991	1.63917983480229	4.43100310392869	1.82876481758033	2.75691227830221
X7c98f8edab0e202814e32c1c7c20831f	1.97449578289864	0.234794949503222	6.31076376280193	2.58175070801159	1.43698177730539
Xce9f25e180783082c9c095ea5dd0bda7	1.09783992544574	5.11276255253446	0.0110265085510963	0.550954078748165	0.018699272905113
X1acab56e6d9b6d862a0060dd370d6a20	1.26044722966958	3.3829045107181	2.08781031510983	0.658785518637769	2.21819103212374
X396646fbe77614b1d94c8b579540c9e5	0.703581244162267	3.33486426427881	0.0118113563097921	3.52019031146207	1.84257073925756
Xdbc72bd3fa34e684b07e70fe883e8624	0.304113894408646	2.09037037564954	4.78637675562572	1.1417775399784	2.77218659876987
Xe5708fa8dbb23ffce9d768f2af036bc8	3.60566404448454	1.23812473695808	2.46636660800565	2.75385575993562	0.422266239438322
Xb4520634503998faccfd85cd4d83eb70	3.78580168620248	0.0523500736343971	3.40216597421383	0.477336021529696	3.89337026318892
X48c1d034956d2932857a406c8dd2f945	2.94951260011035	1.84403714868039	1.24473494636528	2.24492032731677	2.2654321168618
X8080e7abcb2fac011679a0f14fa28678	2.68045518859884	0.156492476096535	4.92803720600284	0.0328213142496642	5.04360295475588
X318d71e76bc04ff80504fdeccd6bd06c	1.12910541357181	5.17801073994703	0.0218277535664727	0.0029787641693279	2.26024531951596
X883dfe26a92f2d337c082020465b08d6	2.47925799274312	2.33872303970232	0.0546851651049157	0.835902132754917	3.07659298609318
Xd31100eb671fbd563ef499d02b7fc4e6	2.19962978807059	3.29657969588845	0.0158790707043887	1.01387063340078	3.04963118642442
Xb241a7f8140a03bfc5d8fd0fc2ede730	3.32248823052475	3.20029121890792	0.289715203724747	1.78517773456393	0.442760689715924
X70c8e245754792089b6d06c83b448e30	3.20968049240222	2.5317998219692	0.361814732209456	2.70710938886393	0.00492183939095168
X5533e4b9ab4293e76c613428d49ed7f9	3.67466977564567	2.15955695606892	0.077373061201922	3.34153589164655	0.214905573168019
X7725ac4bf4b4ef6da024ec4830c6487c	2.78297954008897	2.96080139211916	0.434475646713026	1.69952155591934	1.23738205892644
X819edaadb358fdba6f7197b8f3cd3c28	2.90780524517364	4.26035206603679	0.00120001145554088	0.150037856932029	1.49008046269123
X2b7d4d6de56baefee20232a28ff72b05	2.32943036963664	4.43336633911823	0.00163142050630996	0.821864727517768	0.962618321339824
X07ac42d906a1d733d74eb512d16373e9	1.51939575414968	3.658247851704	0.00581444437264592	1.85919407983365	2.35802122892517
X87f909dd661a6f016797819f498c2cad	0.0449048680919738	0.760926873993349	5.79379350488365	0.0324275927328654	5.97885720106231
Xc98150517e6c53b6d6dc9f7b76484e46	1.59902223363244	2.54054505115037	3.22793525496566	2.53721599620357	0.0211776846843369
X7f03ffe319d51d8c94516a53caf7b5d2	1.29582130674023	0.698942863505507	8.18339851893115	3.21250533699589e-14	2.04671873595981
Xd8444f83fbf95c66164fdf3bd6355354	3.94255749319324	1.06781419445799	0.582893400767988	3.03335991744718	1.85134216444916
X90b83220b53c76c8d4970330a1fe882b	2.70299029276209	2.1036436358744	0.654169192297916	2.56094098635713	1.53505288929925
Xebd60f0b53f631b3652393070ae27ff6	1.5401383986178	4.21093542806753	0.751070334451388	1.3791996383597	1.02626816707404
X8ce8d5e386619f67fd48550448a52b05	0.682274279700164	3.71501831380465	0.0273049118076724	2.65993075963224	1.62709627577244
X5153865bee65ce6bf758ce935fbbbcaa	3.03902078925102	0.272602756999238	3.74232567316315	1.07549163392402	3.37646379120343
X3d7a2306f65da61f077afe15977ef9f5	3.89140104351328	1.19566585782925	1.70734834686255	2.30408210911653	1.08109486461118
Xf4296b0604c8d0b2a800837ada09ac5e	1.74115638843919	0.497770580211012	7.3274967969719	0.272462930870018	3.08056256413697
X5cabb9f0afcc6ec89f28a72e66b75c5b	2.84402132423052	1.76521073415552	1.44622398480801	1.01909173289759	3.8980481966847
X80e9754208c8276033c7a0a2853360db	4.1802319691458	0.513906876048372	2.91140189197789	2.6351682364471	0.484846175635042
X5c36fc9c9190e8ef6f5ac745da99a844	2.44384164136442	3.52807315425245	0.00742088694894378	1.56745046286907	1.71650891169521
Xa1ee7a84d356cfe587555a3c4ee15b67	2.54811282778804	3.45926733764168	0.0485292627552225	1.84453358131639	1.12012661741452
Xc762d8a2e994aba60b9538b732bbb037	3.26675464623159	0.948760415665323	3.29816725090877	2.27287835634094	1.60388132540146
Xe2f05dd9123c59886e6de8a27a9d7492	0.000749713261471163	4.49971309285367	0.768025306605735	2.58362875510425	1.19708665006616
Xb983bac0b13161192f9db4ad92aeba52	2.74436924509695	2.84138760408348	1.14960753474904	1.8594049865328	0.685573835271952
Xe38d274b6db8d5529cc013942f95673d	1.8040392006774	0.438798680099955	4.22319154337976	3.22060753101453	1.8132220156145
Xe31f8279366dc42f3f3f3d98acfd4937	3.70117362208606	0.00257957655858035	3.68221661127185	1.19600525005987	2.75373180827301
Xdcd636f14733dd9befa590c3270f9c8d	0.737046555032872	2.45944316480525	6.98127848452024	3.4163078710758e-10	0.707349823274699
Xad4ca43e0058c9e288144acaaabc8ab4	1.11600369198961	3.38832891336525	0.750334455988825	1.34283797998125	3.25148666656724
X5db2ba740f908fe3a3e6832d48949346	3.05437477477803	0.887687402024396	1.7187467683544	3.97579681818201	0.00909319585720797
X3d2cbfd8c3343515af2039db17d13b07	2.22445655088608	2.15265017885787	1.9564104329768	3.42512624830818	0.152809400395709
Xd30aeaed198995f5cfddc9e5c1114017	0.527199926542467	3.80729176576473	1.8128284161489	1.97877614731255	1.54235785475448
Xc3506d578907bd6af24e8b2b99ab5147	2.56982061349654	0.0327915774651077	4.3650816572674	2.58643704525627	2.15936911830418
X149d7097a5e30cd7e236fbb36d673c85	1.6237449934181	3.24957384727331	0.486396357952067	3.57963548270461	0.00886284494176808
Xc2d4165846f97640572ca02893698074	2.58336997612062	3.3505737417542	0.0274152119401578	0.885458333559769	3.07598958349549
Xfa5161da02dc708956db10f2f6d5962c	2.48497012746168	2.34630841431469	0.245709612874804	2.77351884929224	1.95539580127782
X423d4e701b61d84a699cbabf6ffbb184	2.01319379902325	1.64158896725867	2.95296936641501	2.57151385476663	1.51965564947153
X375ee2d507a784beb169bed5ad0005bf	0.585928494549303	3.70608529356648	1.14247611811905	3.14873719906651	0.637731963117934
Xf772ea4ed61813a59910f6c26332fa25	2.59660066537012	2.57127597544287	1.04178085669656	2.87163420957284	0.625614265962852
X4b472c39d871e66c9dd202f62ee109fe	4.20341851766949	1.69376081990547	0.102827402825296	1.98833563942873	1.39924337379307
X7bc7d5df0739f7dd4d7f142c858971ff	2.59187315708199	1.78938024741403	0.821487130125394	3.85177833181923	0.884275547806115
Xc93021d3938abd806b6edb9e48982d3e	2.10834173424288	4.28736820881399	0.854641331472999	1.19899500815593	0.0614437723755301
X6ae495b09cc60d421ca35e96b8617a78	0.399850644071914	2.59347445130419	2.66329076281782	2.08760760579926	2.69912299242234
Xcdf653d491c2b7b8955f49f52e6cfafd	1.35095786914779	3.14506204137351	0.0865395073737635	2.9508594162945	1.95505856163327
X84b76cf406160a69f3c0ca47a6f5fb33	1.27728706907563	4.65556879629882	0.0240244487132245	0.67168808386697	1.9991419171868
Xa7e40154bb3957e5d149cb5459f9bb32	1.63524125439737	2.09435989686366	1.88490651924655	3.46178784021576	1.25320606814058
X4fd2a06a93591162de642a421b33fa77	3.44745459748435	3.13196905117291	0.281227331925695	0.185434123386303	2.5469418842385
X62cfa3d54c2122ccae3ea722cb24dcbf	2.46241399560521	2.66366526863084	0.00909564336396674	2.86521160296039	1.47633234666681
X843b6d9d38faa538b6fca3ef0ce45d90	1.5366692523616	3.5759483387186	0.797529199309414	1.81456641974659	1.95716925465937
X985dd445ee5348ce31d484e322cbfe35	2.50313894353916	1.88254673459566	0.179549255854045	1.99345059917574	3.91394830695429
X70d85275acf86d8a3299e613e53a4181	0.795977123608559	3.74896431692553	0.149543989180277	2.82537221378401	1.4101304170615
X68fa64ddcd99e95b6085b3ef1eb075b7	1.7419389504821	1.19323792864768	3.02892684513531	2.93364638435652	2.24095241507655
X36938f2301d2f36761850f40c6e72f0c	1.59176264538836	2.20997250231577	4.07585813643909	0.0331296162873794	2.95819003738993
X488eabbc80a89d1e04993559f6ae9384	2.70888448044773	1.33901593914118	1.79602464393306	2.94350171254269	2.32468230144174
Xe7bfaaf99f0a66c602b860c50f9bad60	2.70125959779664	2.92938834029281	1.79796671682513	0.068252939851578	2.79411508999251
Xb3397e408ae209f5d0b03e79954b0287	0.949079343440234	2.51176502687847	1.29900277430735	3.31858821343425	2.20235514417413
Xf2b2ecc54b302907b1020d1e1050e97b	0.372102955837615	3.71627662241852	0.0137523180730896	2.78415454055125	2.09918387791371
X6c822e20f412da5f66e15ba09d63658c	2.50632488898713	2.40193775622909	0.00613547370388643	4.15454332331806	0.261397600947486
X6307d29e7ebc03887e7a9d4f0c39e56e	1.5436303987074	1.06095944339854	1.82156663138758	3.21743681893056	3.66725611049667
X692d529911641ea34c920a70eafac71c	1.16467120799831	4.22838066268076	0.00786658580053937	0.799143430506635	3.26479548129503
X9b5f88b07a649863eb84fb80d727c11a	1.26011104754788	3.59185638885109	0.0177951261385639	1.92439848250551	2.97014457424205
Xca8fadcc3339337709f71b79464a83ad	1.5489736345635	4.17265838509864	0.0156886774286565	1.80489701510478	1.34120805356049
Xc67dcab848b11b0d17028de530d76677	3.61158406521144	1.75341489010739	0.00255077401290271	2.26478147918791	2.11798075603911
X33cc64b4735bf365bc230704691090a4	3.24410416869903	1.0477175307617	1.25151960984885	3.20236994220567	1.94320852703465
X5eec42ac3d60e17a0ee801790e5f8c1a	1.41862591682022	2.91137862541709	2.19667033195151	2.42162895399479	1.05335043969093
X7046afe6d8678450241140d66814922b	1.32516477046328	3.34950680114496	0.89229630241391	0.00721978525968248	4.71718220030953
X2ff0243ee6560db47ce501526b55fafd	1.73175751595422	2.86911393906963	0.0305413962879118	2.75514157992439	2.0774741583749
Xb1b6e68ddf4e7f59f6246de37b52a657	1.07088197731615	2.61532685133289	2.22608721683458	3.10806490979054	0.958475597233535
Xa0573da176061e2b5b3f6cda5c46cd76	0.447533774251981	2.39017448817006	5.01446896799399	0.94934111565477	2.605438779715
X95de3a9a466261563ac56429650618d3	2.88731915711663	1.52220235097098	1.46863945386219	2.05680987249641	3.03434345080389
X8920cd6e9b1c09ec387519d700e0416c	2.73621382126	2.70806312037761	0.0432101116441728	2.44057887472205	1.78881621953431
X02d38608a5177d4432002c2a9cf9751b	2.41038713891128	2.73933357046638	0.0393425131939352	1.74370538495466	3.0758781588606
X191913a7fe9b4af030fbc7e6c700a947	2.18391655937297	2.07186430636534	2.71218551470565	1.69945879668764	2.23696329888437
X66fb3a3749cd97b35532ab29da0b434c	1.21597828723603	3.33735948278903	0.261678367028215	2.3053745538576	2.77281121926928
X06ef28ca7f0c2f30d845e89f85369f2e	2.84251810027615	3.14208445894679	0.435318714831028	1.18232687842435	2.04758414636942
X49adc7734a3f2ce5accc83d55de64009	2.87892307959758	3.33808203382225	0.00325563774163328	0.972820823178986	2.21986016006423
Xfdb20a7f909fccc82f69a598e0812a05	2.98845882907964	1.80011752474858	1.33368582295315	1.8522650812578	2.65226201068091
X4bd202ebc23a5dbfbe179389ef540f31	1.28575138839504	2.86442146981037	0.153631529533673	2.41663586193971	3.27283735677519
X372d9a0fb462df93f8fb37eb775181de	0.711813894200535	4.24643793532555	0.357092447128434	2.90175784116044	0.143793252109045
Xdc8b221d5d6d4dfb8ac4d9aeb748a1fc	0.165100317194788	3.00076979106518	4.21002320877096	2.29460877711632	0.502668162150645
X4f9df56534f76c8368d55ad18e5e7db8	0.365487277499517	4.01097619891237	0.568192801644032	2.55759177929696	0.823972932873963
X8e2d227961ce2739dd10b141b5e7ebe1	0.733297046229562	4.53429742328523	0.00546487151059793	0.815287488749421	2.91911470732166
Xaf7263b2c6a6d79146ee2433c9097859	3.86077549913729	0.877761995470823	0.562449188463115	2.34502807791502	1.97185700007077
X844c374fcfa09eb8af0f5d4a1d7ec915	1.56389605693696	3.40971081883232	0.00271582767262753	0.627608743333376	4.33999817644784
X8bd3ad55b8f72e406430d3ea0fd79497	4.40195234834506	1.31715875137415	0.0550202929426958	0.93608043714345	3.53559688582814
X897660095e14291476c04c07d62ab19c	2.62858485818584	1.39285906116325	0.913409780615297	2.21548142217583	3.40557967751187
X634bf443a76471fa32212f6537b66494	3.66551421670457	0.508393223918734	0.728866070609956	4.8484771451245	0.579753256577329
Xe60a38f89d5f9bf4c9c5eecacb281bda	2.24843709414455	4.12185190910656	0.0116089638123208	0.0113450282923375	0.798421573590674
X7a1f2bd4d9c59c579470b59b2cc5aef1	2.52002405927897	2.69970123980947	0.695314496801183	0.613013197956162	3.5049366805842
X5b40b2b5588645ecf1b152f07b2156fb	3.20305085791441	0.875785410179884	1.07484930167297	4.71178068370938	0.0106744084374033
X17c5b25010ace8eb555695a0f17d8058	1.56673385723554	3.79042268002269	1.48633196239829	2.56110673046598	0.00813382017244326
X4a704854ae6f0adfea5e7e9d07d856e1	2.52167294298895	2.5836671485504	0.11504471660175	3.12097929441298	1.28032621542565
Xe349b3b57901898f4ce19e0f8ae00073	0.999425764722081	4.61654759031302	0.0270174134507425	2.44844557854632	0.552836746864287
X4dc5526f2380d1944c16c405492293d5	0.362094674312992	4.8118335189342	0.1033703523182	0.797969731492565	3.04004955101871
X307540b071972183f79089bf2968194e	3.0380981145961	1.32903865621749	0.501538570090583	2.34083094889719	3.35412480830606
Xfda5067579ca1dbe0105f0044c9a1a36	3.51789218046868	0.873624251320069	1.87296297538489	3.32821721135524	0.915306178805127
X98f49d8e7e9e23332daa59a1736513b1	2.62947266072695	0.423577061601255	3.61073353797198	2.77608913776241	2.49635078305734
Xa86c464d7742799bc7cca15e5073ba6d	3.45087625097357	1.66389274016873	0.39471766386656	2.22072347394154	2.54612505143537
Xe49744bb3cd2750dacc5f87e48c34c34	0.748979734035201	4.88792794588455	0.856360541847521	1.38104283114709	1.19297715821728
X40ff97e3fb95317c43e78c54e4af6fa2	1.31018159864615	2.16200742710379	2.52924396193624	3.09370102916991	1.29672548613615
X407f1a2a5483e7c610000f4a7d6626b8	2.62020250433589	1.99937434386418	0.312576471042587	3.24193770612563	1.19576773633697
Xc3a87c39d5e5fd936c2cc6c2f40d1ac7	1.45762718433913	2.34850354265914	0.575121199134697	3.62370741040488	1.83160766912966
Xec1bc98eaf9528b4671b2e6380ef1f7e	5.06613032520843	0.00536251323498161	2.21630153760136	2.08181916362999	1.03310991310164
X61ce42886ed83ef5b9e7113331d551b2	3.03494535034058	0.771994504452659	1.27269303975384	3.8571850312376	1.95639192942147
X50a360052d5f832029f99bcfc8d51b74	2.97841814466548	3.44629924147723	0.00393615288481226	1.75372731700555	0.25791281784073
X3feac9dc8f5e975c5141ac83fc438ea2	2.27650831692285	0.888855650010674	3.27077159938399	2.86946035780855	1.64798883321393
X3b1ff3ab3d1f98e94f9966b350d2d64e	3.00736024794215	2.85568699410718	0.143514717951796	1.32922592008534	2.10908703337302
X9190ab7e874737a2b5ced7e7c83b037a	2.40617286424359	2.73313273627032	1.81405898924709	2.36017463095117	0.593092635016959
X780cfa362fa0dc62086edbc2b2114ba2	2.90543573363208	0.230973768006809	5.61912958585998	1.36032006057561	1.72034633310355
Xa212833e830fba62ac4a50af668150c7	1.63661832337168	3.8786810230707	0.124177443390321	2.6885917711136	0.186589876946132
Xab2c4c91b315465a99537d47cfeb7ca0	2.61597265115196	2.48656318228185	0.509093153685937	2.50030157719417	1.38591619489948
X06c76fbf2ede7672b6d7ee8c254f3277	1.683373081727	2.92202760592787	0.581729370723176	3.82037356373282	0.179720827170509
Xc2bbe39a40e0ea262e6d0b9d6ab7abc6	2.75774379210557	3.1555741944913	0.0377989537427363	2.21046252234543	1.39506154880712
Xf595addaf738129542c61ecbd2daa940	2.83903329000791	1.91681736903697	0.0853772954721656	2.9274899445754	2.38181284830524
Xbc08a17e9b687750725db0986f4dced2	2.74375972455734	2.01712938827545	2.28597822871225	2.2652280882781	0.692828358226237
X6c02f2b6404b5b719a0646c07f4a3479	1.12082929345495	5.186373936191	0.00351767607764801	0.246491539382065	2.31630058115465
X19ea89697b4c64446d8b8966fd09dd1a	2.66257965955799	2.0093357952006	0.263498610148868	2.13438602367752	3.3666869153287
X2cddd57246691bb4967fd526e468af6d	3.45899652087699	1.4641709389803	0.165294149848786	2.76916642255054	2.27841513418015
X41ad534f4bc16a8535415c0f2e2fda50	1.44570578106543	3.96704204529503	0.113082877208992	1.60963589159006	2.00460334854914
Xdbf4b0114f0ccc6c53724809d4946d8f	2.30966280254747	0.250945631192581	6.84128707613387	0.00632272078882629	2.96161850897115
X2528a2fb7cc4f5bc3922038fe45ba025	6.14081274973456	0.602774668968377	1.12322284587747	0.436726487283427	0.997229820271122
X723d15a0e582e2096f38afeeda3a18d0	3.00202928378036	2.13586535445283	0.084033836426257	2.54108292533215	1.47127895857897
Xf530811b226c90782cb8ddd71e28cfce	3.27164503276088	1.57525329700917	2.08559206024311	1.84168119139923	1.44250921585346
X7c276f502728f99d72029bdb8570114a	2.18037626840352	1.29271967345367	2.4147018757367	2.56271840243907	2.58720255592723
Xeb3456819968e1e488e594986af7fc23	2.58406501930839	2.28719330812251	0.438711420330127	2.56906631809811	2.19569429396481
Xcdeadba663a471057fd7ce97bb34b3e1	2.68909528809099	2.09280014904663	0.892455633206914	3.42499221643838	0.601510850797429
X94cd280620f5e23ebcc4a2122ed7e243	1.64842360319328	3.08366456056245	0.00908846692991779	3.71157834013459	0.936925920506811
Xba314ebdbc21a67b2f5a30ea871c1121	4.49933030706288	0.352664802385897	3.2379219078774	0.400082771045933	3.32268380449037
X4434839d8caca6a0d57b8e0f2ca331fc	2.19049167062434	2.21646788891432	1.19221368209694	1.92125780937323	3.24121078995702
X065cba0a7be42c63bc66381248079786	2.56817504392373	3.04379788910554	0.00686855649987061	2.20941939224609	1.10610519100354
X892f6420e8654725d5e4285fecd01357	2.20360213939688	1.10536311939843	1.74820431421318	3.53464832042639	1.96616855324674
X1419bb61cff4470103db9366a61b6ad1	3.90691533878104	1.82477238068363	0.0426432242196451	3.06859342073228	0.638926790505858
X55a53755c5d27e22e4408e44d1bc989a	1.44879211725511	3.58646460461595	0.108617292585911	3.18404571037844	0.882950560739119
X464daad68082ebb8209ea5db3a50e7ac	2.42978926197644	2.45943507244113	0.167527081807969	3.3072996953043	0.877807151596698
X8b16dabb218e165eb22f3ae7d5fc2fe1	3.20763216116272	2.29046864532159	1.17126251280462	1.62273245955883	0.578107764221205
X664e3c39989d204caa88811baaad4e67	0.00288956700730103	2.45582364871123	6.49343474698435	0.000667757289457326	2.41082293518313
Xa1be8162bfc18fef3ecf0aa3de28f948	5.39479735277583	1.00677240071824	0.0619857640672479	2.44341949222117	0.616179753649675
X9b4771d72604de636d8fc01006bec3cb	2.44464682535619	2.55644934242607	1.18045203636518	0.803999317206822	3.47575238869485
Xdddafb0cf3edca87e72d34cd7d65d4c5	3.18003561258131	1.78968780292574	0.368380144192474	3.08367450136771	1.8470724006868
X1e3c3a35d1e2dfb5cc4e564bf73d2f2b	2.85634921116504	2.88983271756223	0.154641594089067	1.72532197358931	2.04379583179171
X85e649550a835fe5b9aa7242dc1334dd	3.56397135856867	0.0317814569095593	4.58094451273459	1.44467127118848	1.83053697434997
X073e4ec7218e717789609c79cabf8ece	1.91213905586563	5.23183713851398	0.0177096244797416	0.00163149761321327	0.103411914192271
Xe201489e8158cbf66365d94c9046c7fe	3.70952220627445	0.0670225248811298	2.84381518630219	1.83898891958058	2.96720969618441
Xbfc74502e5e2f9e11ee5c2bc3b84851a	2.25909082961486	2.82974074176745	4.31279924985231	0.495797251691936	0.109840881696024
X6d110edcfa19d0fafc2684ae8b8afa6b	3.72147859311294	0.0023803790866182	4.06269948054431	0.395081408686635	3.68503643928921
X3abf2b9a9346c01d52c76ce5dede3980	1.60134429710044	2.12016270132823	0.648576415383552	3.54178603359631	2.205369310846
X610cafc680ee97aea24070005548f05a	1.68574576488931	3.2204613893156	2.07323770232864	0.194677902117522	2.90708586736289
Xc2a3a41db9f5fdabf96bcb01080bdeb7	0.841816895339382	4.15847242597861	1.26741301370262	0.265745876500135	2.89054686058683
Xecba685c7ee49ce91dcb6f204ac0c406	0.08631742201545	4.01025344915174	1.99151923992622	2.63447074571677	0.355826906482063
X1e634d89b40d572b87cb8c782964ef56	2.57864328481811	1.75053691133204	1.23467906009062	3.83805739155102	0.643512255066258
X507a6b65d5e4c2f63a58e14fdd6325fd	0.849306277176751	3.4061456673538	1.61991497074472	2.02136428638309	1.02855563350621
X0de012a810cbd5283893a650dc5099a4	1.56344304136539	2.8546836492489	0.695828050368731	3.86991005364114	0.357892817015753
Xffb8553875f8d19e4cb0c3b883220b26	0.816499622013255	1.24358663691617	3.03427803951805	4.02768532361399	1.86389588917168
X2ba17c90a3c1bff4ef8827b2663120e3	1.94455015502641	0.456998531537174	5.03013418701454	1.90159614258998	2.48275627975592
X0131ee30a1572f16c5674577f5cf6a43	1.90011265997232	3.80371342491664	0.00136993071246581	1.88893192165707	1.34255262100227
X68003fd125e65bd2f75cb6641d6773cd	3.39379738675076	0.000443572522592994	3.03092681186777	2.49608795310392	1.47040644737589
X30165d5b06d679e87a97260760a2321d	3.44881798685865	1.43780521743431	0.0109162557461972	2.97197538220838	1.21896960595501
X83633277890734c074619296bcce8443	0.707829966767021	3.14389729214996	0.246489247841452	3.47067912972117	1.76505238966523
X46a8c75eb2f5ea2df29957ad27749d1e	0.383281477821317	4.6748071988235	0.0227396311866724	1.98297571210438	1.56328327586364
Xa5b3c8ab74cec6509ba4b63b74dd193b	2.52369048603356	2.20501286953483	0.00240722335765094	4.34465852292707	0.158546735837173
X0591d2ff8464c7b3bd6dd570182325a3	1.37437279711524	2.24797376509107	2.67511964050104	2.53898255485217	1.60600527254075
X58586cc65d96406ecc23e19516620a47	1.6750936396352	2.73208618764039	2.59577904506763	1.96660798880554	1.13109512769264
Xb4e664746cbea6b38ec618cef93983e8	3.79931755859824	1.02065095841587	0.234303542562533	2.46390693612564	3.16399356730624
Xb9003b38b6034a93f04bce46bb86d49f	8.26481428100166e-07	5.17326731088726	3.89355925990253	0.0522904510081693	2.11089732977054e-06
X3de3bcd0c0874689a5e14cb96a8d8b54	2.15477399128223	1.83421134127524	0.114285805989834	4.99197625337693	1.28649460574559
X4f08ff8ca9c717e02f40591efc99ddbb	1.53027174783031	3.33459364930378	0.0645587370855444	1.9918690687346	2.43869476265651
Xddf0616451cd9f7cfef532a697965c69	4.1195836054151	0.844344313523231	1.65167824266435	0.602643504858375	3.26198362051341
X37695d12e5f7ad98d22665252947a491	3.40686094887352	1.40636129323825	0.151503816625655	3.58566859999747	1.50100885353934
X8fc3dc71e50dfac95e2b9962a1bff5ca	3.70132472077212	1.1202006696095	1.21120120594175	1.88736406532299	2.73465276504777
X1ee17dd8582bd966a10bb046765f5da0	2.95798393908817	1.72037063678376	0.254125568823702	2.39145296377626	2.56896438535633
X8c1e220212c25023f7698b4987fef769	1.72925593254759	1.16480312593156	3.73760261311345	1.77729357582591	2.72443050388933
Xa8196313df90e274fa5c478ddc0e3f48	4.06976716030347	0.172185780723142	4.02502183665531	0.128153694989355	3.84705980311363
Xf2e8bbf385c2c6205d0a62ac763c6c1e	2.23555506942983	2.61103624654454	0.00573866191487687	1.93118687570732	3.05232801296698
X531a18c617b52572555af6dbaf79d155	1.91277254006828	2.64795783065213	0.657563380603267	4.29855247086003	0.215861045561797
X4aa3c05a1721abdb85a8cef490bfcc80	2.67473013797192	1.51179830881291	0.132868766820291	2.95016316607629	3.25511533725949
Xdae098d1f553b8ad7b29b7260d8cd815	2.84369070537432	1.24879563420657	1.67336525652833	2.64079438532763	2.20262267913555
X693eb00264592bf8cdde068dfd8b13e4	2.66223665542951	1.4753711787986	1.19073861732861	2.3296803061029	3.29443202237178
Xceed74a24dea8bbb00de34feee199cdc	3.63768296668109e-12	2.9072225671579	3.3750907775626	0.00717552689843238	4.33519933378777
X519b745128d6dd46890a1dd16adf8bf2	3.05997864957154	0.583658901842577	2.68217892231265	4.10622338779048	0.42945275672347
Xc6f9674d8473b628a802595c2f5880ea	2.77822319586566	2.75037984513836	1.22928537838088	0.638866426178125	2.59068420616566
X188bc1d97d61f0caececb8fe2eeed462	4.98312548678044	0.282992455278332	0.69261387264817	1.50753959622955	3.26528742163836
Xa9894c70216514219b5f0f25e1722e32	3.60087739685988	0.0189257622748752	5.70110988764437	1.69563932105387	0.140943855736749
Xd638828ea3a561ed62fdc4786771b528	2.73875710227218	1.48476719210735	1.6216838658487	3.62620381993589	0.937505241044949
Xa09b7a199303d519d339c9f769d9b9dc	2.09396094788314	1.27473005871126	1.18609828310387	2.69343929459029	3.49106282869024
Xef16d6de92fa55e092482ff6e0e377da	0.138520213090418	2.6127693932667	6.59283103190801	1.30175972830325e-09	1.47669565631559
Xcd42ec62c52ed2d7d4501b1f0b35c658	2.59880972050381	3.53835802041579	0.214341256598865	0.0760667190780963	3.43065102599591
Xf00fc26b8ce31e7a40ec44b8f0939be3	2.95038659553101	2.49182881842616	0.494366327614501	0.973767322629529	2.50443728490029
Xcdaf1a47e636b818a05fc059e5e7362e	3.00801662832652	2.04626552425963	0.0137094122709875	2.08189235679354	2.68192549049963
X2d5b794b4a59d862d8d75f411db99898	3.65031446941253	1.03058905170833	0.10068508716416	2.7280560876136	2.72573809713101
X423ad12945144a8996111444ad911c26	1.07909014800075	3.49256282420462	0.032244057590515	3.4525530684818	1.43946180888153
X9b1952ff2f60a44272d3fdd1b0cfce64	1.69809725158695	3.40908021391067	2.33923870188973	1.38063906740611	1.04257116618866
X2069a43cf26725e339dae5a64490a17f	2.26688827600171	1.59371893283891	1.90026993583153	0.559579954034268	4.75454867078299
Xfcf883ad693b49b5821616119ad680fd	1.07072197056211	3.73982142193048	1.35755628883869	2.98073968763173	0.000321391992086906
Xf0288a91968b576b8a7ec5d40a0cc370	0.00997176816424934	4.28049252052305	0.011159860660405	2.31534480652588	2.35201176465314
X7b97ab8789ce36d8bb74bad9392c7bcc	3.63112393497264	0.697209395482422	1.71572676375735	2.95658961625134	1.39946011717801
X9266c402a946811edc6ff09679d86446	2.19494900723111	0.210793744680096	6.54371245757929	2.39904492856363	0.236220847166703
Xfa8ee8a5cf3379d856208707cbdd3f92	3.55656325947939	0.488664358585837	2.20839682623768	2.845278120851	2.28537775135878
Xb174a22946d23624c5dccc28f9360223	0.000460905231342953	1.43309139324567	6.6893409919378	0.0952302530053527	3.59957386317833
X8fd2b38971ab6febeed1416b6705c8ce	1.07008771578715	4.43063593506635	0.00364987114601272	2.67901206082088	0.16174993679
Xe761ceb4a7b55e5c5c994435182ed394	1.21488675831515	0.225194770009682	5.38868959350446	1.81638896531663	3.84260842103061
Xdf5868027d40950ed7db528969acf608	1.74568856033561	4.58009170468433	0.0816034345520246	1.59150017369931	0.00751210981941048
Xf1c001fc4a606ec3775852226bba646a	1.62591700972251	3.09518437167158	0.220898870666535	2.02624954122937	2.88956504091886
Xd6f8c28242e48d91ef4bc598cb9e617b	2.08794592719617	2.59267343129459	0.476622568924309	2.26852680478318	2.72383169441596
X7331ed3730c6913b1d0e609095a9ad69	0.000134066665164152	2.88184594180095	4.19277468840932	1.14718625396414e-05	3.90210410716609
Xfcedaa76e45d0f17694bda70a3e91fb3	2.20509772285503	1.40421320847611	2.74201151887087	0.729129639084786	3.44200545076728
X11fce3363f7481501759a4cfa960c7b2	1.77871099391269	2.62371317078573	5.01419078078702	1.17118791713368e-07	0.388825598366777
X5662bd7ed1c9e11ee8cd047c10d281e3	1.32827539747265	0.416235621855929	7.08250112777952	0.000890373574928844	4.16940483180798
Xbe78ca3c4574d60a753d70731a52bc0e	1.24042725305826	4.50952799809984	1.65715259717108	0.915780479830899	1.15062011947062
Xc8e4a2ab35f44b70241633b78606dbb7	1.89026038544772	0.00652563786142783	6.36885638009213	2.64594115320704	1.36992860558765
Xa20db00649a026cd61325d802c1b2ed0	2.7677462931665	1.23818417509645	2.09276737746541	2.14962649931899	2.14155776109114
Xf70b0c5dacaddf40ca7e402c8f7b5f6f	1.34284834179941	3.38212193270707	0.1816805847379	2.16581599680922	2.3844033231072
X4a6d350bfb1c3a69f8ce570498cc6f7d	1.36446545754205	1.45045069937389	3.2973077569798	3.49170216761394	1.7406783965101
X7497144f2ef21e19c254fabd5639413b	2.96931566441235	1.07458239253159	1.52718002903303	4.03448660042028	1.14019588826463
X92da4f0f17bf64a7f3c4b7c9970869ea	1.71745875398757	1.20930324748023	4.2938364670576	1.73634904263496	2.49644257304263
X510c6ec5d94c0fd563a1f2b7e5e938cd	3.26040857237856	2.93460569041665	0.416501831801393	1.33210519340258	1.52538534854295
X8f59876cddb394193004de168c132baf	2.37408221495973	2.63193653337688	0.0295926815786682	2.37045402692918	2.21882185597548
X0c38f986cbea173cbafc957bfd0b28d8	2.00561433403986	2.96931133313556	0.0410312511678209	3.60077896565046	0.648562033909027
X48ebdf79e99261ca64ec89fa7cac2e00	2.11735863269269	2.11585958881199	2.19703975372057	2.34501398590594	1.88622471921009
Xe0f58bb185e45c7a3fa81f212570636f	3.57210330337026	2.53663687405034	0.164366765575999	1.9750862086465	1.59299932898243
X8710d098169fa294d03d1b5cacdc2f7a	2.48558627892149	1.14765972429795	1.43711880476973	4.74558205967593	0.297206620650507
X05d22214a12074d176162b3d3d206363	0.699417428905946	3.31531553885554	0.00698375288401843	1.9853230800397	3.65941075050683
X8783adc097e910b52c11f50e2a4aff2a	1.94239380700362	2.89926668243173	0.00299749602031927	2.53750105360533	2.18376605339878
X6f5c1c6ee29562e92b675186a9a24770	2.22806443243982	2.61877733524743	0.237651745772786	1.11868583073308	3.81620062578316
Xf38ca769a89025901a144cbbe657da6c	1.54353317733086	3.82716645801579	0.000707619518117198	1.28057363056581	2.63613156001365
X2f399a936f871f31bca98d92bb413cbe	3.48308691011626	0.0443771656379448	1.95876866758162	1.20850287869391	4.64033501349647
X5063c34f9a841ad4a0c53dde5f42473e	4.46190294742499	0.820363166142404	0.0722178533131929	3.20552574632433	0.845581187509158
X5b5e39b2215dcb24bf216ccbf6166e39	1.2414356244726	3.51231798116603	0.129065837880913	3.53478087929092	0.86976605377119
Xdfdfed054a070b6d003e028c7fe428cf	3.50265054069515	1.3654336346116	0.0662277589113558	3.58489871918224	1.43932529246043
X9f70446324bb6710757ebed4fa864a3f	3.97977123894802	0.102630380046127	1.8407393918128	3.90780619998546	0.773334853363985
Xd041787a5e525c2edaaa90a843640bb9	4.49141658910809	0.31981348622291	0.653495276396996	2.74045389768147	2.66463889229998
X30ee743b7fde59d25ee30303eb699e31	2.89518475001484	3.26634391864045	0.345688977540804	0.898525744404902	1.91523601154968
X40f2f3210695eef9940acf149b2d96ae	3.51207400873711	2.52037746888391	1.01735709620123	1.52223267519077	0.851514571624652
X342758d6ea21d1386905ac1ebd7b325e	4.69252842553832	1.47006505551725	0.183983226692708	1.22986953314185	2.35611003798932
Xcbe29b67a8243fe575c88ed8e2c2afde	3.49152223491332	2.67125911882828	0.220783461926025	2.35741891183204	0.100255832685216
Xa3e41989c4df89d004d738e3104e0f1d	1.4040685210573	5.07347303487196	0.563844056895503	0.123301403717442	1.77290782859963
X16976202f690ab9fcaedacc52f5cb27f	3.44771026641546	2.87596840031178	0.002042031741672	2.02503380752366	0.807725229231671
X593df5fbb758a91e262411484346d0a2	3.89710527299512	0.291212303982352	2.28783874858941	3.32755999899086	0.913526863310494
Xcfacb7eb725aa51c8def27f8bd09b2c9	2.02967095350252	2.8066902210255	0.544928355799242	2.21312909245553	2.05771600070775
X5f49414082930ad3d6faa26afe948131	3.28553582018823	2.00120525144562	2.39838323368583	0.0346949357593911	2.7431416597936
X0f828e9106d704b282e2f18107fb6b7a	1.25787429753113	5.19347863607322	0.901967325828444	1.28172843856571	0.0275122394229223
X60e548e4beac14fd27d9a41556a076aa	3.30864204720461	1.47691049943774	0.38341030714074	2.70633649996462	2.61222177827167
Xb9859ece5e81e4f21ef40665928a5526	0.513162464116286	2.49363708847226	2.86945940885142	2.14359550898268	2.90461960664131
Xea2a3b33b1273d60fe78d41efd2c930d	2.28958274063504	0.750123905386841	4.07002647633307	3.78369314469407	0.833517973278493
X47810e4a1d20c07f975b3546767ef2a0	1.96334987249132	3.63661863197215	0.050749912134135	2.50166349843235	0.707146064488047
X5709f9e5805825fc3821f22c7b148137	3.29889261774775	3.08043368537219	0.00246643477491755	2.36936414436276	0.164102240959677
Xbb1c5a25e8abc5f7b1bfae0a7dfe4a1a	2.46360811583983	2.41661729391567	0.00915625536644679	1.62296198713186	3.73765952862595
Xdfcf5305535621a96b578113a61d1144	2.33457252394923	2.10646575980567	3.28465282186138	2.57372419834825	6.27118900947864e-06
Xb219770dd39b0a33a2a5aab580e38f48	4.83247748478438e-05	1.23542884862425	5.91635146600604	1.32463576941419	3.38000491503994
X537dfe703f9be6f7b41b45d720e48d46	3.58303006545381	1.18013795176746	1.50057479464298	3.01244033741295	1.23686585788137
X4fa2a1b3738de2989fb9621b6895af41	1.82965274891989	3.21308456468262	0.289073483456276	3.27309679599449	0.452236240940182
X3a136cd62607201b4a5025d1b5368c40	2.40481459824621	2.52673649218838	0.159839320287289	2.78685490794236	1.78583326548876
Xe56964515d4aa080ba8350f66b89b1ca	1.69188549506156	1.70932205500134	2.1580121575087	3.35922311656199	1.89796311956927
Xddc4ff1849070c7b6d678bb059022f12	2.80385022260011	2.39496719170178	0.00739781207415447	1.2775415587941	3.1899596161038
X941fc436adec159e7f469ce22721c0f9	1.25523690104931	1.84933634606507	2.50307124600885	3.16049239344427	1.84130361776633
X3cdb45cfe9ffaac83f36c75e4af759e6	3.05099598689534	2.65928919839032	0.0129992679721956	1.159327037231	2.9105566601305
X34af9fb58cf5136b9863f09f90309afd	1.69414274015431	1.87000537534815	2.65029111806009	2.96177177889176	1.7551922323493
X1692599f3867c8e12b6bf09046771943	2.36793091707757	1.57714335674366	2.22909407744737	2.74759682514725	1.93514549338186
X066163adb7ac97187777f99246ade71a	3.4834934132744	1.19036664648543	0.691697879164049	2.50176831488285	2.88434184833932
X4ad56c7ed6c731462c83bd188e409ca3	1.16049584676662	2.5810279994823	1.4856517273647	4.09709437099109	0.034287360852726
X45894bc3efe4b9fb756b9b60d860524d	3.20255808048647	1.3630345061909	0.197718973178222	3.31735509260836	2.28862139163673
Xb3e8f4122cb2e99b707d84ab8a095010	2.18807687696579	1.94739949105997	1.44918911837736	3.66552435947344	0.762673208499128
Xe12b6ec846380a39d2773f311283b963	1.73148419439977	3.87934491927744	0.00246474747751174	1.18093835168206	2.40417878538857
X81ae53f960bcd1f54d83486363c634b3	2.82354860136016	0.198318627063867	4.17928574058222	0.346808214687594	4.72691615143076
X60a9f6d7ccb1fb6365502c254302acbc	2.39689081813462	1.31864640686489	1.03050353378897	3.57887169571777	2.52437425642007
X3db1a6d0d06440f66429056e3727fab5	3.6955300458285	1.33757579292386	0.043288286510153	1.52627331849642	3.79312243330777
X10ec23fa07eea3d69a7769af58732d4f	2.91229783562117	1.34506754308344	4.06027729217087	0.0307225888858757	2.91719915941121
X05e7559b15212b2748bc0a5133f85a3b	0.671257432549853	3.16657586234669	0.663513265135826	3.47374144728994	1.60537107083866
X927e37ac4383ed6389d1d0db6ab904b7	3.0859201357857	0.309392430298766	3.39452848531314	2.14326300669355	2.65234536549979
Xac23ea23d161c0a4894912f42b8e0b9b	1.54099239046909	4.05418446322737	0.00247828868042093	1.43222817946946	1.89757820710253
X503d4b91a21946b28d89bbc0a6ff1c0c	2.16602196583737	2.98830683151247	0.0100138609294738	3.28861825598684	1.26043938352814
X7d84f93927db305825400d52fe2467ac	2.25984501326304	2.65348104075464	0.00381136055391628	2.86404483079042	2.12768296742069
X374e432074fbccc257907b977e27c34d	1.12300482992575	1.7379722103125	1.9472513098697	3.98813481786587	1.95482471768317
X83f4c7f066c22ff82ffdda3a819f401c	0.820606931141506	5.18523292107739	1.9632547614937	0.0776110977216284	0.629800532269526
X1cb1841daad70ef7c6839b5f9d545558	1.49102588943156	3.67254323777099	0.00464180687807863	1.86260676156993	1.78731260413434
X3591e786d7e1feb1237e5b3025071c62	0.871683343898402	3.97048170437925	1.49770151222069	2.39690519438219	0.393569602502971
Xe8fd7e061dc695303531468579ce9cbb	0.0554538187066302	4.68000534961479	0.116043957860812	2.76693260659736	0.502898772270173
Xd184c87875774aa04ad76b5cd0528c63	0.136588660957487	4.80168313495446	0.018151306659694	1.27739682324777	2.85682152298185
X6f15579e208a9524c4a36704207b706e	1.701311148021	3.3944261996292	0.044714846215537	2.96399333921206	0.973952477930524
X6beb5548a8060d418335891d98ea8781	1.91689190000756	3.08476177962473	0.0101649307453332	2.01700658073192	2.63449989625668
X3dbc4bc73dfba4629ad5fef29a99f7e7	2.58346114959031	1.39022737490056	1.30936889588124	3.41490575893964	2.09701899068358
X91a68b73b9ef311d3a6f598a10b8d369	0.591146676621918	4.72966568116334	0.31641440719366	1.35985979333461	2.20515917032723
Xcad1fd440c471f7904a591829cb6d14b	0.816629366029053	4.28089429590568	0.735381746669286	2.28046070212636	1.0939695126178
X80f9a88517555f71e441163428db8371	1.96872689911655	0.35147306982804	3.43826830936343	4.21366291498411	1.73589813949485
Xfd354971867b62382812e27e3df227ba	0.190194912528049	3.58268414658601	0.711008003693143	1.50373291026894	3.38236591470678
Xd75c42896884149be997c920b5592e16	1.43898883550863	2.88781506830333	1.39951920714251	1.73660363367465	2.60772435962422
Xff9a5e547f4e630f903268749c2c4e62	3.71161444464267	1.83371862538224	0.299679524357518	2.11584738649396	0.943892516633378
X5b4f66ac7b0e9731f0e2d09b9ce2bc83	1.95617348251929	3.76816485243621	0.0178226898954178	1.33508372713089	1.64448672078063
Xe9433456121a8710f455344dc9c484c7	2.82780358568428	0.90976329553792	3.01174602592303	2.4506300516179	1.99845982776251
X76d17bde5ef4f59248f2dfadb6ba27ee	0.0024630311636987	3.37957936485079	5.41854180011235	0.00188230339845045	1.9076236111609
X2bf0d2c891632c9eecb7cb7ca0bbdc35	2.22937296108297	3.66533597144027	0.0153555907890349	2.17620870126868	0.322988514922235
X56517cd1ff5c36c94c351f69437a110d	2.10394652887435	1.61737311700315	2.98999886134001	3.17460474903794	1.17336697184304
X455848b4836fafe39ae8cc9642cb5596	1.18479911287042	5.17493305201223	0.213719895465407	0.765157134213267	1.26885728641956
X1fc17d39813bb21078851cf009f5bdc5	1.42764480330064	4.79497266721735	0.00739749701619621	1.80400866363556	0.117993406628597
X7533d8277a20dfb0c88915db24868ee9	1.17328760597658	3.15627658537715	1.72740929045532	0.19219865294352	3.38621445004252
Xff34dbd0f069670a20827e31b8026144	0.426547794160425	3.96716449151323	2.73070387204229	0.705236506339476	1.87714183065866
X3b785dfe51f758e18bca243f56b5117e	1.57016726967928	3.22238749089522	0.151133317281842	3.41105016026888	0.624923468130038
Xb75f823803af55f1de150e4f4de3312c	6.99224747626606	0.0392594868891416	1.30415954428045	1.27313105407134e-16	0.90027668734382
Xb28579e19904ad37116121b7a3d6d5e6	2.34715314007168	1.69715026884331	0.591303215401988	2.05990259910943	3.97079609041428
X1ed22c1e4b51a9aa893333101336d863	1.54701447460963	2.14336154533356	0.973560483730168	3.50869182850954	1.68201833719478
X211c2e0bb90037d7c0285da1025e5b59	2.5708857664134	1.39127142444989	0.0103208010574621	4.20863780406618	1.72443163880217
Xc52dd1f0ac3ca0c519e06ffef31d20a2	2.48121660667501	2.17513394626193	0.0155053716507438	3.19416947610169	2.05847055975903
Xf356612bfb14f579d0109dd28a074fac	1.36377715815545	4.28145675271516	0.0028934705348293	2.18910016293235	0.800675841888342
X494323795b1fb3c6376fd2e364ffcb24	1.75178309015376	3.76052716681429	0.00254650393789534	2.79036449756681	0.416681015810298
X070737943aa2690378c5d73bdea647d7	4.01229160410469	1.27823370512157	0.0189980161568562	3.05200268700862	1.65343832024442
Xfbff2fd623efaaa23c9da75cb2084925	1.87790704906796	4.14199166684905	0.0702015183442045	2.38808620306006	0.00497781530865631
Xedce4709eebc28be5631985036add223	2.60398290692194	0.18522294397767	5.62421294545383	1.63934977323806	1.59763128974183
X1ca582a355616189ed5be11c257b9a31	2.43641178225565	3.44104718464226	0.0186073763830653	2.19276629430636	1.04878639638795
X20ea35d787f94b54b3432014f9897c2b	2.12069041445056	2.56265092190474	0.826144550635261	2.05201303283865	2.53156483861225
X90d98471d59b5c0b179e8e38e9c566fc	3.60754872864065	1.58832632990885	0.453129378162344	1.81819397565107	2.9287555759015
X47001a91d71acb95bb7a3d249baa19ee	2.69818345663814	0.46149182397115	3.45556449902261	2.65849601440097	2.06079551587143
Xa7d2bd80340b4019986ea8d8c3638c75	1.89402509669377	3.06425126045914	0.0136451685023314	3.68944741656617	0.495337046188222
Xbc7a029dc7ce4b19a5a2b78a7b2fc6ae	1.54840815698526	3.87422135038259	0.0133935259614278	2.85870774121487	0.00542672316540529
X13b911b56a330efd2660b67b1cf98466	2.44044063746597	2.39218057931322	0.501305531341794	2.39404414522735	2.27645900156629
X9388bd484d0e404c6732573b4228d2a2	0.212533090431027	3.43632924415666	1.35220656937903	2.64294504497963	2.08806071759413
Xc3d410d70dd7359baa40126494fb6765	0.0799902619493755	7.03591240666077	0.0693924922031722	0.211487455239087	0.0227391219109448
X50772aa64efb859960b20f8801cd6f58	1.16145848266875	3.76637588284475	0.00862517322786859	1.801029567961	2.5747765834885
X91bcd3067a1a7954692d836515e04869	1.7704300853324	2.11960465282478	1.07008895933949	3.31222942848394	1.67490091897824
Xc7439a06ffa32b313b0ec1b987b992a2	0.939401252749589	5.30508741498238	2.07799903711188	0.0470819021181467	0.415198414733977
X21a6043653d187f8bbead475d2f49791	1.53122445916476	2.35219250442135	0.923664272282182	2.76167840440414	2.93203740860833
Xa021f5de25a2ffa059870f059a65d075	3.00282365133093	2.1993395545393	0.625964891245804	2.50815931296455	1.35593593714684
